{
  "name": "Armour",
  "type_name": "arms",
  "layer_1": {
    "zPos": 60,
    "male": "arms/armour/plate/male/",
    "muscular": "arms/armour/plate/male/",
    "female": "arms/armour/plate/female/",
    "teen": "arms/armour/plate/female/",
    "pregnant": "arms/armour/plate/female/"
  },
  "variants": [
    "steel",
    "iron",
    "ceramic",
    "brass",
    "copper",
    "bronze",
    "silver",
    "gold"
  ],
  "credits": [
    {
      "file": "arms/armour/plate/male",
      "notes": "original by wulax, recolors by bigbeargames; adapted to v3 bases and further recolors by bluecarrot16",
      "authors": [
        "Michael Whitlock (bigbeargames)",
        "Matthew Krohn (makrohn)",
        "Johannes Sjölund (wulax)"
      ],
      "licenses": [
        "OGA-BY 3.0",
        "CC-BY-SA 3.0",
        "GPL 3.0"
      ],
      "urls": [
        "https://opengameart.org/content/lpc-medieval-fantasy-character-sprites",
        "http://opengameart.org/content/lpc-clothing-updates"
      ]
    },
    {
      "file": "arms/armour/plate/female",
      "notes": "original by wulax, adapted to female by makrohn, recolors by bigbeargames; adapted to v3 bases and further recolors by bluecarrot16",
      "authors": [
        "Michael Whitlock (bigbeargames)",
        "Matthew Krohn (makrohn)",
        "Johannes Sjölund (wulax)"
      ],
      "licenses": [
        "OGA-BY 3.0",
        "CC-BY-SA 3.0",
        "GPL 3.0"
      ],
      "urls": [
        "https://opengameart.org/content/lpc-medieval-fantasy-character-sprites",
        "https://opengameart.org/content/lpc-combat-armor-for-women",
        "http://opengameart.org/content/lpc-clothing-updates"
      ]
    }
  ]
}