{
  "name": "Wood",
  "type_name": "cargo",
  "tags": ["back", "basket_contents"],
  "required_tags": ["basket"],
  "layer_1": {
    "zPos": 140,
    "male": "backpack/basket_contents/wood/fg/",
    "muscular": "backpack/basket_contents/wood/fg/",
    "female": "backpack/basket_contents/wood/fg/",
    "pregnant": "backpack/basket_contents/wood/fg/"
  },
  "layer_2": {
    "zPos": 5,
    "male": "backpack/basket_contents/wood/bg/",
    "muscular": "backpack/basket_contents/wood/bg/",
    "female": "backpack/basket_contents/wood/bg/",
    "pregnant": "backpack/basket_contents/wood/bg/"
  },
  "variants": [
    "3_logs",
    "9_logs"
  ],
  "credits": [
    {
      "file": "backpack/basket_contents/wood",
      "notes": "this item is CC-BY-SA 3.0/GPL 3.0 because it's derived from daneeklu's log",
      "authors": [
        "bluecarrot16",
        "Daniel Eddeland (daneeklu)"
      ],
      "licenses": [
        "CC-BY-SA 3.0",
        "GPL 3.0"
      ],
      "urls": [
        "https://opengameart.org/content/lpc-farming-tilesets-magic-animations-and-ui-elements",
        "https://opengameart.org/content/lpc-more-backpacks"
      ]
    }
  ]
}