{
  "name": "Jetpack",
  "type_name": "backpack",
  "tags": ["back", "backpack", "jetpack"],
  "preview_row": 0,
  "layer_1": {
    "zPos": 110,
    "male": "backpack/jetpack/male/",
    "muscular": "backpack/jetpack/male/",
    "female": "backpack/jetpack/female/",
    "pregnant": "backpack/jetpack/female/"
  },
  "variants": [
    "bronze",
    "gold",
    "steel"
  ],
  "credits": [
    {
      "file": "backpack/jetpack",
      "notes": "trivial adjustments by bluecarrot16 to be compatible with v3 bases",
      "authors": [
        "Benjamin K. Smith (BenCreating)",
        "macmanmatty"
      ],
      "licenses": [
        "CC-BY-SA 3.0",
        "GPL 3.0"
      ],
      "urls": [
        "https://opengameart.org/content/lpc-backpacks"
      ]
    }
  ]
}