{
  "name": "Ore",
  "type_name": "cargo",
  "tags": ["back", "basket_contents"],
  "required_tags": ["basket"],
  "layer_1": {
    "zPos": 140,
    "male": "backpack/basket_contents/ore/fg/",
    "muscular": "backpack/basket_contents/ore/fg/",
    "female": "backpack/basket_contents/ore/fg/",
    "pregnant": "backpack/basket_contents/ore/fg/"
  },
  "layer_2": {
    "zPos": 5,
    "male": "backpack/basket_contents/ore/bg/",
    "muscular": "backpack/basket_contents/ore/bg/",
    "female": "backpack/basket_contents/ore/bg/",
    "pregnant": "backpack/basket_contents/ore/bg/"
  },
  "variants": [
    "coal",
    "iron",
    "steel",
    "tin",
    "copper",
    "bronze",
    "silver",
    "gold"
  ],
  "credits": [
    {
      "file": "backpack/basket_contents/ore",
      "notes": "full submission is CC-BY-SA 3.0/GPL 3.0, but this item is CC0",
      "authors": [
        "bluecarrot16"
      ],
      "licenses": [
        "CC0"
      ],
      "urls": [
        "https://opengameart.org/content/lpc-more-backpacks"
      ]
    }
  ]
}