{
  "name": "Basket",
  "type_name": "backpack",
  "tags": ["back", "backpack", "basket"],
  "layer_1": {
    "zPos": 130,
    "male": "backpack/basket/fg/",
    "muscular": "backpack/basket/fg/",
    "female": "backpack/basket/fg/",
    "pregnant": "backpack/basket/fg/"
  },
  "layer_2": {
    "zPos": 5,
    "male": "backpack/basket/bg/",
    "muscular": "backpack/basket/bg/",
    "female": "backpack/basket/bg/",
    "pregnant": "backpack/basket/bg/"
  },
  "variants": [
    "round",
    "square"
  ],
  "credits": [
    {
      "file": "backpack/basket",
      "notes": "full submission is CC-BY-SA 3.0/GPL 3.0, but this item is CC0",
      "authors": [
        "bluecarrot16"
      ],
      "licenses": [
        "CC0"
      ],
      "urls": [
        "https://opengameart.org/content/lpc-more-backpacks"
      ]
    }
  ]
}