{
  "name": "Basic Beard",
  "type_name": "beard",
  "layer_1": {
    "zPos": 110,
    "male": "beards/beard/basic/",
    "female": "beards/beard/basic/",
    "muscular": "beards/beard/basic/",
    "teen": "beards/beard/basic/",
    "pregnant": "beards/beard/basic/"
  },
  "variants": [
    "blonde",
    "ash",
    "sandy",
    "platinum",
    "strawberry",
    "redhead",
    "ginger",
    "carrot",
    "chestnut",
    "light brown",
    "dark brown",
    "black",
    "raven",
    "dark gray",
    "gray",
    "white",
    "red",
    "orange",
    "gold",
    "green",
    "blue",
    "navy",
    "violet",
    "purple",
    "pink",
    "rose"
  ],
  "animations": [
    "spellcast",
    "thrust",
    "walk",
    "slash",
    "shoot",
    "hurt",
    "watering",
    "idle",
    "jump",
    "run",
    "sit",
    "emote",
    "climb",
    "combat",
    "1h_slash",
    "1h_backslash",
    "1h_halfslash"
  ],
  "credits": [
    {
      "file": "beards/beard/basic",
      "notes": "Original by Nemisys, repositioning by JaidynReiman.",
      "authors": [
        "JaidynReiman",
        "Carlo Enrico Victoria (Nemisys)"
      ],
      "licenses": [
        "CC-BY-SA 3.0",
        "GPL 3.0"
      ],
      "urls": [
        "https://opengameart.org/content/lpc-white-beard"
      ]
    }
  ]
}