{
  "name": "Double Belt",
  "type_name": "belt",
  "layer_1": {
    "zPos": 70,
    "male": "torso/waist/belt_double/male/",
    "female": "torso/waist/belt_double/female/",
    "teen": "torso/waist/belt_double/male/"
  },
  "variants": [
    "brown",
    "charcoal",
    "leather",
    "slate",
    "tan",
    "walnut",
    "white"
  ],
  "credits": [
    {
      "file": "torso/waist/belt_double",
      "notes": "",
      "authors": [
        "bluecarrot16",
        "Johannes Sjölund (wulax)",
        "Matthew Krohn (makrohn)"
      ],
      "licenses": [
        "OGA-BY 3.0",
        "CC-BY-SA 3.0",
        "GPL 3.0"
      ],
      "urls": [
        "https://opengameart.org/content/lpc-combat-armor-for-women",
        "https://opengameart.org/content/lpc-pirates"
      ]
    }
  ]
}