{
  "name": "Other belts",
  "type_name": "belt",
  "layer_1": {
    "zPos": 70,
    "female": "torso/waist/belt_other/female/"
  },
  "variants": [
    "black",
    "bronze",
    "brown",
    "gold",
    "iron",
    "leather",
    "silver",
    "teal",
    "white"
  ],
  "credits": [
    {
      "file": "torso/waist/belt_other/female",
      "notes": "",
      "authors": [
        "Luke Mehl"
      ],
      "licenses": [
        "CC-BY-SA 3.0",
        "GPL 3.0"
      ],
      "urls": [
        "https://opengameart.org/content/female-mage-clothing-set"
      ]
    },
    {
      "file": "torso/waist/belt_other/female/leather.png",
      "notes": "",
      "authors": [
        "Johannes Sjölund (wulax)",
        "Matthew Krohn (makrohn)"
      ],
      "licenses": [
        "OGA-BY 3.0",
        "CC-BY-SA 3.0",
        "GPL 3.0"
      ],
      "urls": [
        "https://opengameart.org/content/lpc-combat-armor-for-women"
      ]
    },
    {
      "file": "torso/waist/belt_other/female/teal.png",
      "notes": "",
      "authors": [
        "Johannes Sjölund (wulax)"
      ],
      "licenses": [
        "OGA-BY 3.0",
        "CC-BY-SA 3.0",
        "GPL 3.0"
      ],
      "urls": [
        "https://opengameart.org/content/lpc-medieval-fantasy-character-sprites"
      ]
    },
    {
      "file": "torso/waist/belt_other/female/white.png",
      "notes": "",
      "authors": [
        "Johannes Sjölund (wulax)",
        "Matthew Krohn (makrohn)"
      ],
      "licenses": [
        "OGA-BY 3.0",
        "CC-BY-SA 3.0",
        "GPL 3.0"
      ],
      "urls": [
        "https://opengameart.org/content/lpc-medieval-fantasy-character-sprites"
      ]
    }
  ]
}