{
  "name": "Sash",
  "type_name": "sash",
  "layer_1": {
    "zPos": 65,
    "male": "torso/waist/sash/male/",
    "female": "torso/waist/sash/female/",
    "teen": "torso/waist/sash/male/"
  },
  "variants": [
    "black",
    "blue",
    "bluegray",
    "brown",
    "charcoal",
    "forest",
    "gray",
    "green",
    "lavender",
    "leather",
    "maroon",
    "navy",
    "orange",
    "pink",
    "purple",
    "red",
    "rose",
    "sky",
    "slate",
    "tan",
    "teal",
    "walnut",
    "white",
    "yellow"
  ],
  "credits": [
    {
      "file": "torso/waist/sash",
      "notes": "",
      "authors": [
        "bluecarrot16",
        "Nila122"
      ],
      "licenses": [
        "OGA-BY 3.0",
        "GPL 2.0",
        "GPL 3.0",
        "CC-BY-SA 3.0"
      ],
      "urls": [
        "https://opengameart.org/content/more-lpc-clothes-and-hair",
        "https://opengameart.org/content/lpc-pirates"
      ]
    }
  ]
}