{
  "name": "Other belts",
  "type_name": "belt",
  "layer_1": {
    "zPos": 70,
    "male": "torso/waist/belt_other/male/"
  },
  "variants": [
    "formal",
    "leather",
    "white"
  ],
  "credits": [
    {
      "file": "torso/waist/belt_other/male/formal.png",
      "notes": "",
      "authors": [
        "Thane Brimhall (pennomi)",
        "laetissima",
        "bluecarrot16"
      ],
      "licenses": [
        "CC-BY-SA 3.0",
        "GPL 3.0"
      ],
      "urls": [
        "https://opengameart.org/content/lpc-2-characters",
        "https://opengameart.org/content/lpc-gentleman"
      ]
    },
    {
      "file": "torso/waist/belt_other/male/leather.png",
      "notes": "",
      "authors": [
        "Johannes Sjölund (wulax)"
      ],
      "licenses": [
        "OGA-BY 3.0",
        "CC-BY-SA 3.0",
        "GPL 3.0"
      ],
      "urls": [
        "https://opengameart.org/content/lpc-medieval-fantasy-character-sprites"
      ]
    },
    {
      "file": "torso/waist/belt_other/male/white.png",
      "notes": "",
      "authors": [
        "Johannes Sjölund (wulax)"
      ],
      "licenses": [
        "OGA-BY 3.0",
        "CC-BY-SA 3.0",
        "GPL 3.0"
      ],
      "urls": [
        "https://opengameart.org/content/lpc-medieval-fantasy-character-sprites"
      ]
    }
  ]
}