{
  "name": "Body color",
  "type_name": "body",
  "layer_1": {
    "zPos": 10,
    "male": "body/bodies/male/",
    "muscular": "body/bodies/muscular/",
    "female": "body/bodies/female/",
    "pregnant": "body/bodies/pregnant/",
    "teen": "body/bodies/teen/",
    "child": "body/bodies/child/"
  },
  "variants": [
    "light",
    "amber",
    "olive",
    "taupe",
    "bronze",
    "brown",
    "black",
    "lavender",
    "blue",
    "zombie_green",
    "green",
    "pale_green",
    "bright_green",
    "dark_green",
    "fur_black",
    "fur_brown",
    "fur_tan",
    "fur_copper",
    "fur_gold",
    "fur_grey",
    "fur_white"
  ],
  "match_body_color": true,
  "animations": [
    "spellcast",
    "thrust",
    "walk",
    "slash",
    "shoot",
    "hurt",
    "watering",
    "idle",
    "jump",
    "run",
    "sit",
    "emote",
    "climb",
    "combat",
    "1h_slash",
    "1h_backslash",
    "1h_halfslash"
  ],
  "credits": [
    {
      "file": "body/bodies/male",
      "notes": "see details at https://opengameart.org/content/lpc-character-bases; 'Thick' Male Revised Run/Climb by JaidynReiman (based on ElizaWy's LPC Revised)",
      "authors": [
        "bluecarrot16",
        "JaidynReiman",
        "Benjamin K. Smith (BenCreating)",
        "Evert",
        "Eliza Wyatt (ElizaWy)",
        "TheraHedwig",
        "MuffinElZangano",
        "Durrani",
        "Johannes Sjölund (wulax)",
        "Stephen Challener (Redshrike)"
      ],
      "licenses": [
        "OGA-BY 3.0",
        "CC-BY-SA 3.0",
        "GPL 3.0"
      ],
      "urls": [
        "https://opengameart.org/content/liberated-pixel-cup-lpc-base-assets-sprites-map-tiles",
        "https://opengameart.org/content/lpc-medieval-fantasy-character-sprites",
        "https://opengameart.org/content/lpc-male-jumping-animation-by-durrani",
        "https://opengameart.org/content/lpc-runcycle-and-diagonal-walkcycle",
        "https://opengameart.org/content/lpc-revised-character-basics",
        "https://opengameart.org/content/lpc-be-seated",
        "https://opengameart.org/content/lpc-runcycle-for-male-muscular-and-pregnant-character-bases-with-modular-heads",
        "https://opengameart.org/content/lpc-jump-expanded",
        "https://opengameart.org/content/lpc-character-bases"
      ]
    },
    {
      "file": "body/bodies/female",
      "notes": "see details at https://opengameart.org/content/lpc-character-bases",
      "authors": [
        "Benjamin K. Smith (BenCreating)",
        "bluecarrot16",
        "TheraHedwig",
        "Evert",
        "MuffinElZangano",
        "Durrani",
        "Pierre Vigier (pvigier)",
        "ElizaWy",
        "Matthew Krohn (makrohn)",
        "Johannes Sjölund (wulax)",
        "Stephen Challener (Redshrike)"
      ],
      "licenses": [
        "OGA-BY 3.0",
        "CC-BY-SA 3.0",
        "GPL 3.0"
      ],
      "urls": [
        "https://opengameart.org/content/liberated-pixel-cup-lpc-base-assets-sprites-map-tiles",
        "https://opengameart.org/content/lpc-medieval-fantasy-character-sprites",
        "https://opengameart.org/content/lpc-ladies",
        "https://opengameart.org/content/lpc-7-womens-shirts",
        "https://opengameart.org/content/lpc-jump-expanded",
        "https://opengameart.org/content/lpc-be-seated",
        "https://opengameart.org/content/lpc-revised-character-basics",
        "https://gitlab.com/vagabondgame/lpc-characters",
        "https://opengameart.org/content/lpc-male-jumping-animation-by-durrani",
        "https://opengameart.org/content/lpc-runcycle-and-diagonal-walkcycle"
      ]
    },
    {
      "file": "body/bodies/muscular",
      "notes": "see details at https://opengameart.org/content/lpc-character-bases",
      "authors": [
        "bluecarrot16",
        "JaidynReiman",
        "Evert",
        "TheraHedwig",
        "MuffinElZangano",
        "Durrani",
        "Sander Frenken (castelonia)",
        "Benjamin K. Smith (BenCreating)",
        "Eliza Wyatt (ElizaWy)",
        "dalonedrau",
        "Stephen Challener (Redshrike)"
      ],
      "licenses": [
        "CC-BY-SA 3.0",
        "GPL 3.0"
      ],
      "urls": [
        "https://opengameart.org/content/liberated-pixel-cup-lpc-base-assets-sprites-map-tiles",
        "https://opengameart.org/content/lpc-barbarian-sprite-base",
        "https://opengameart.org/content/lpc-muscular-swing-animation",
        "https://opengameart.org/content/lpc-muscular-hurt-animation",
        "https://opengameart.org/content/lpc-jump-expanded",
        "https://opengameart.org/content/lpc-revised-character-basics",
        "https://opengameart.org/content/lpc-be-seated",
        "https://opengameart.org/content/lpc-jump-expanded",
        "https://opengameart.org/content/lpc-character-bases",
        "https://opengameart.org/content/lpc-male-jumping-animation-by-durrani"
      ]
    },
    {
      "file": "body/bodies/teen",
      "notes": "",
      "authors": [
        "bluecarrot16",
        "Evert",
        "TheraHedwig",
        "Benjamin K. Smith (BenCreating)",
        "MuffinElZangano",
        "Durrani",
        "Pierre Vigier (pvigier)",
        "Eliza Wyatt (ElizaWy)",
        "Matthew Krohn (makrohn)",
        "Johannes Sjölund (wulax)",
        "Stephen Challener (Redshrike)"
      ],
      "licenses": [
        "OGA-BY 3.0",
        "CC-BY-SA 3.0",
        "GPL 3.0"
      ],
      "urls": [
        "https://opengameart.org/content/liberated-pixel-cup-lpc-base-assets-sprites-map-tiles",
        "https://opengameart.org/content/lpc-medieval-fantasy-character-sprites",
        "https://opengameart.org/content/lpc-ladies",
        "https://opengameart.org/content/lpc-teen-unisex-base-clothes",
        "https://opengameart.org/content/lpc-jump-expanded",
        "https://opengameart.org/content/lpc-revised-character-basics",
        "https://opengameart.org/content/lpc-be-seated",
        "https://gitlab.com/vagabondgame/lpc-characters",
        "https://opengameart.org/content/lpc-male-jumping-animation-by-durrani",
        "https://opengameart.org/content/lpc-jump-expanded"
      ]
    },
    {
      "file": "body/bodies/pregnant",
      "notes": "see details at https://opengameart.org/content/lpc-character-bases; Pregnant Revised Run/Combat Idle/Emotes by JaidynReiman (based on ElizaWy's LPC Revised)",
      "authors": [
        "bluecarrot16",
        "JaidynReiman",
        "Evert",
        "TheraHedwig",
        "MuffinElZangano",
        "Durrani",
        "Benjamin K. Smith (BenCreating)",
        "Pierre Vigier (pvigier)",
        "Eliza Wyatt (ElizaWy)",
        "Matthew Krohn (makrohn)",
        "Johannes Sjölund (wulax)",
        "Stephen Challener (Redshrike)"
      ],
      "licenses": [
        "CC-BY-SA 3.0",
        "GPL 3.0"
      ],
      "urls": [
        "https://opengameart.org/content/liberated-pixel-cup-lpc-base-assets-sprites-map-tiles",
        "https://opengameart.org/content/lpc-medieval-fantasy-character-sprites",
        "https://opengameart.org/content/lpc-ladies",
        "https://opengameart.org/content/lpc-pregnancy-bases-maternity-wear",
        "https://opengameart.org/content/lpc-7-womens-shirts",
        "https://opengameart.org/content/lpc-jump-expanded",
        "https://gitlab.com/vagabondgame/lpc-characters",
        "https://opengameart.org/content/lpc-jump-expanded",
        "https://opengameart.org/content/lpc-male-jumping-animation-by-durrani",
        "https://opengameart.org/content/lpc-runcycle-and-diagonal-walkcycle"
      ]
    },
    {
      "file": "body/bodies/child",
      "notes": "",
      "authors": [
        "bluecarrot16",
        "Benjamin K. Smith (BenCreating)",
        "ElizaWy",
        "MuffinElZangano",
        "Durrani",
        "Nila122",
        "kheftel",
        "Stephen Challener (Redshrike)"
      ],
      "licenses": [
        "OGA-BY 3.0",
        "CC-BY-SA 3.0",
        "GPL 3.0"
      ],
      "urls": [
        "https://opengameart.org/content/liberated-pixel-cup-lpc-base-assets-sprites-map-tiles",
        "https://opengameart.org/content/lpc-child-standing-template",
        "https://opengameart.org/content/lpc-children-walk-animation",
        "https://opengameart.org/content/lpc-male-jumping-animation-by-durrani",
        "https://opengameart.org/content/lpc-male-jumping-animation-by-durrani",
        "https://opengameart.org/content/lpc-jump-expanded",
        "https://opengameart.org/content/lpc-jump-expanded"
      ]
    }
  ]
}