{
  "name": "Cape Trim",
  "type_name": "cape_trim",
  "tags": ["back", "cape_trim"],
  "required_tags": ["cape"],
  "layer_1": {
    "zPos": 90,
    "male": "cape/trim/female/",
    "muscular": "cape/trim/female/",
    "teen": "cape/trim/female/",
    "female": "cape/trim/female/",
    "pregnant": "cape/trim/female/"
  },
  "variants": [
    "black",
    "blue",
    "bluegray",
    "brown",
    "charcoal",
    "forest",
    "gray",
    "green",
    "lavender",
    "leather",
    "maroon",
    "navy",
    "orange",
    "pink",
    "purple",
    "red",
    "rose",
    "sky",
    "slate",
    "tan",
    "teal",
    "walnut",
    "white",
    "yellow"
  ],
  "credits": [
    {
      "file": "cape/trim",
      "notes": "isolated stripe from cape_trimmed, adapted to v3 bases by bluecarrot16",
      "authors": [
        "bluecarrot16",
        "JaidynReiman"
      ],
      "licenses": [
        "OGA-BY 3.0",
        "CC-BY-SA 3.0",
        "GPL 3.0"
      ],
      "urls": [
        "https://opengameart.org/content/lpc-curly-hair-elven-ears-white-cape-with-blue-trim-and-more",
        "http://opengameart.org/content/lpc-clothing-updates"
      ]
    }
  ]
}