{
  "name": "Tattered",
  "type_name": "cape",
  "tags": ["back", "cape"],
  "layer_1": {
    "zPos": 85,
    "male": "cape/tattered/female/",
    "muscular": "cape/tattered/female/",
    "teen": "cape/tattered/female/",
    "female": "cape/tattered/female/",
    "pregnant": "cape/tattered/female/"
  },
  "layer_2": {
    "zPos": 5,
    "male": "cape/tattered_behind/",
    "muscular": "cape/tattered_behind/",
    "teen": "cape/tattered_behind/",
    "female": "cape/tattered_behind/",
    "pregnant": "cape/tattered_behind/"
  },
  "variants": [
    "black",
    "blue",
    "bluegray",
    "brown",
    "charcoal",
    "forest",
    "gray",
    "green",
    "lavender",
    "leather",
    "maroon",
    "navy",
    "orange",
    "pink",
    "purple",
    "red",
    "rose",
    "sky",
    "slate",
    "tan",
    "teal",
    "walnut",
    "white",
    "yellow"
  ],
  "credits": [
    {
      "file": "cape/tattered",
      "notes": "",
      "authors": [
        "Nila122",
        "JaidynReiman"
      ],
      "licenses": [
        "OGA-BY 3.0",
        "CC-BY-SA 3.0",
        "GPL 3.0"
      ],
      "urls": [
        "https://opengameart.org/content/lpc-curly-hair-elven-ears-white-cape-with-blue-trim-and-more",
        "https://opengameart.org/content/lpc-roman-armor"
      ]
    },
    {
      "file": "cape/tattered_behind",
      "notes": "",
      "authors": [
        "Nila122",
        "JaidynReiman"
      ],
      "licenses": [
        "OGA-BY 3.0",
        "CC-BY-SA 3.0",
        "GPL 3.0"
      ],
      "urls": [
        "https://opengameart.org/content/lpc-curly-hair-elven-ears-white-cape-with-blue-trim-and-more",
        "https://opengameart.org/content/lpc-roman-armor"
      ]
    }
  ]
}