{
  "name": "Sash dress",
  "type_name": "dress",
  "layer_1": {
    "zPos": 30,
    "female": "dress/sash/female/"
  },
  "variants": [
    "black",
    "blue",
    "bluegray",
    "brown",
    "charcoal",
    "forest",
    "gray",
    "green",
    "lavender",
    "leather",
    "maroon",
    "navy",
    "orange",
    "pink",
    "purple",
    "red",
    "rose",
    "sky",
    "slate",
    "tan",
    "teal",
    "walnut",
    "white",
    "yellow"
  ],
  "credits": [
    {
      "file": "dress/sash",
      "notes": "adapted to v3 bases and recolored by bluecarrot16",
      "authors": [
        "bluecarrot16",
        "Thane Brimhall (pennomi)",
        "laetissima",
        "Matthew Krohn (makrohn)"
      ],
      "licenses": [
        "CC-BY-SA 3.0",
        "GPL 3.0"
      ],
      "urls": [
        "https://opengameart.org/content/lpc-2-characters"
      ]
    }
  ]
}