{
  "name": "Kimono",
  "type_name": "dress",
  "tags": ["dress", "kimono", "kimono_simple"],
  "layer_1": {
    "zPos": 30,
    "female": "dress/kimono/normal/universal/female/",
    "teen": "dress/kimono/normal/universal/female/"
  },
  "variants": [
    "black",
    "blue",
    "bluegray",
    "brown",
    "charcoal",
    "forest",
    "gray",
    "green",
    "lavender",
    "leather",
    "maroon",
    "navy",
    "orange",
    "pink",
    "purple",
    "red",
    "rose",
    "sky",
    "slate",
    "tan",
    "teal",
    "walnut",
    "white",
    "yellow"
  ],
  "credits": [
    {
      "file": "dress/kimono/normal",
      "notes": "",
      "authors": [
        "JaidynReiman",
        "Stephen Challener (Redshrike)",
        "Johannes Sjölund (wulax)"
      ],
      "licenses": [
        "OGA-BY 3.0+",
        "CC-BY 3.0+",
        "GPL 3.0"
      ],
      "urls": [
        "https://opengameart.org/content/lpc-kimono-relm"
      ]
    }
  ]
}