{
  "name": "Eye Color",
  "type_name": "eye_color",
  "replace_in_path": {
    "head": {
      "Human_male": "adult",
      "Human_male_small": "adult",
      "Human_male_plump": "adult",
      "Human_male_gaunt": "adult",
      "Human_female": "adult",
      "Human_female_small": "adult",
      "Human_male_elderly": "elderly",
      "Human_female_elderly": "elderly",
      "Human_elderly_small": "elderly"
    },
    "expression": {
      "none": "default",
      "Neutral": "neutral",
      "Closing_Eyes": "closing",
      "Closed_Eyes": "none",
      "Looking_Left": "look_l",
      "Looking_Right": "look_r",
      "Rolling_Eyes": "eyeroll",
      "Shock": "shock",
      "Angry": "anger",
      "Angry_Alt": "default",
      "Sad": "sad",
      "Sad_Alt": "sad2",
      "Happy": "none",
      "Happy_Alt": "none",
      "Blush": "none",
      "Shame": "shame"
    }
  },
  "layer_1": {
    "zPos": 105,
    "male": "eyes/human/adult/${expression}/",
    "muscular": "eyes/human/adult/${expression}/",
    "female": "eyes/human/adult/${expression}/",
    "teen": "eyes/human/adult/${expression}/",
    "pregnant": "eyes/human/adult/${expression}/",
    "child": "eyes/human/child/${expression}/"
  },
  "variants": [
    "blue",
    "brown",
    "gray",
    "green",
    "orange",
    "purple",
    "red",
    "yellow"
  ],
  "animations": [
    "spellcast",
    "thrust",
    "walk",
    "slash",
    "shoot",
    "hurt",
    "watering",
    "idle",
    "jump",
    "run",
    "sit",
    "emote",
    "climb",
    "combat",
    "1h_slash",
    "1h_backslash",
    "1h_halfslash"
  ],
  "credits": [
    {
      "file": "eyes/human",
      "notes": "original by Redshrike, mapped to all frames by Matthew Krohn & JaidynReiman",
      "authors": [
        "JaidynReiman",
        "Matthew Krohn (makrohn)",
        "Stephen Challener (Redshrike)"
      ],
      "licenses": [
        "OGA-BY 3.0",
        "CC-BY-SA 3.0",
        "GPL 3.0"
      ],
      "urls": [
        "https://opengameart.org/content/liberated-pixel-cup-lpc-base-assets-sprites-map-tiles"
      ]
    },
    {
      "file": "eyes/human/adult",
      "notes": "original by Redshrike, Expressions by ElizaWy, eyes split from expressions and mapped to all frames by JaidynReiman",
      "authors": [
        "JaidynReiman",
        "ElizaWy",
        "Stephen Challener (Redshrike)"
      ],
      "licenses": [
        "OGA-BY 3.0",
        "CC-BY-SA 3.0",
        "GPL 3.0"
      ],
      "urls": [
        "https://opengameart.org/content/liberated-pixel-cup-lpc-base-assets-sprites-map-tiles",
        "https://opengameart.org/content/lpc-medieval-fantasy-character-sprites"
      ]
    },
    {
      "file": "eyes/human/adult/default",
      "notes": "original by Redshrike, mapped to all frames by Matthew Krohn & JaidynReiman",
      "authors": [
        "JaidynReiman",
        "Matthew Krohn (makrohn)",
        "Stephen Challener (Redshrike)"
      ],
      "licenses": [
        "OGA-BY 3.0",
        "CC-BY-SA 3.0",
        "GPL 3.0"
      ],
      "urls": [
        "https://opengameart.org/content/liberated-pixel-cup-lpc-base-assets-sprites-map-tiles"
      ]
    },
    {
      "file": "eyes/human/elderly",
      "notes": "original by Redshrike, Elderly Heads and Expressions by ElizaWy, eyes split from expressions and mapped to all frames by JaidynReiman",
      "authors": [
        "JaidynReiman",
        "ElizaWy",
        "Stephen Challener (Redshrike)"
      ],
      "licenses": [
        "OGA-BY 3.0",
        "CC-BY-SA 3.0",
        "GPL 3.0"
      ],
      "urls": [
        "https://opengameart.org/content/liberated-pixel-cup-lpc-base-assets-sprites-map-tiles",
        "https://opengameart.org/content/lpc-medieval-fantasy-character-sprites"
      ]
    }
  ]
}