{
  "name": "Thick Eyebrows",
  "type_name": "eyebrows",
  "layer_1": {
    "zPos": 106,
    "male": "eyes/eyebrows/thick/adult/",
    "muscular": "eyes/eyebrows/thick/adult/",
    "female": "eyes/eyebrows/thick/adult/",
    "teen": "eyes/eyebrows/thick/adult/",
    "pregnant": "eyes/eyebrows/thick/adult/",
    "child": "eyes/eyebrows/thick/child/"
  },
  "variants": [
    "blonde",
    "ash",
    "sandy",
    "platinum",
    "strawberry",
    "redhead",
    "ginger",
    "carrot",
    "chestnut",
    "light brown",
    "dark brown",
    "black",
    "raven",
    "dark gray",
    "gray",
    "white",
    "red",
    "orange",
    "gold",
    "green",
    "blue",
    "navy",
    "violet",
    "purple",
    "pink",
    "rose"
  ],
  "animations": [
    "spellcast",
    "thrust",
    "walk",
    "slash",
    "shoot",
    "hurt",
    "watering",
    "idle",
    "jump",
    "run",
    "sit",
    "emote",
    "climb",
    "combat",
    "1h_slash",
    "1h_backslash",
    "1h_halfslash"
  ],
  "credits": [
    {
      "file": "eyes/eyebrows/thick",
      "notes": "",
      "authors": [
        "ElizaWy"
      ],
      "licenses": [
        "OGA-BY 3.0"
      ],
      "urls": [
        "https://github.com/ElizaWy/LPC/tree/main/Characters/Hair",
        "https://opengameart.org/content/lpc-expanded-sit-run-jump-more"
      ]
    }
  ]
}