{
  "name": "Shame Elderly Eyes",
  "type_name": "eyes",
  "layer_1": {
    "zPos": 105,
    "male": "eyes/human/elderly/shame/",
    "muscular": "eyes/human/elderly/shame/",
    "female": "eyes/human/elderly/shame/",
    "teen": "eyes/human/elderly/shame/",
    "pregnant": "eyes/human/elderly/shame/"
  },
  "variants": [
    "blue",
    "brown",
    "gray",
    "green",
    "orange",
    "purple",
    "red",
    "yellow"
  ],
  "animations": [
    "spellcast",
    "thrust",
    "walk",
    "slash",
    "shoot",
    "hurt",
    "watering",
    "idle",
    "jump",
    "run",
    "sit",
    "emote",
    "climb",
    "combat",
    "1h_slash",
    "1h_backslash",
    "1h_halfslash"
  ],
  "credits": [
    {
      "file": "eyes/human/elderly/shame",
      "notes": "original by Redshrike, Elders + Shame Expression by ElizaWy, split from expression and mapped to all frames by JaidynReiman",
      "authors": [
        "JaidynReiman",
        "ElizaWy",
        "Stephen Challener (Redshrike)"
      ],
      "licenses": [
        "OGA-BY 3.0"
      ],
      "urls": [
        "https://github.com/ElizaWy/LPC/tree/main/Characters/Head",
        "https://opengameart.org/content/ulpc-expanded-expressions"
      ]
    }
  ]
}