{
  "name": "Tears",
  "type_name": "expression_crying",
  "tags": ["expression"],
  "required_tags": ["human"],
  "layer_1": {
    "zPos": 107,
    "male": "head/faces/global/tears/",
    "muscular": "head/faces/global/tears/",
    "female": "head/faces/global/tears/",
    "teen": "head/faces/global/tears/",
    "pregnant": "head/faces/global/tears/"
  },
  "variants": [
    "blue"
  ],
  "animations": [
    "spellcast",
    "thrust",
    "walk",
    "slash",
    "shoot",
    "hurt",
    "watering",
    "idle",
    "jump",
    "run",
    "sit",
    "emote",
    "climb",
    "combat",
    "1h_slash",
    "1h_backslash",
    "1h_halfslash"
  ],
  "credits": [
    {
      "file": "head/faces/global/tears",
      "notes": "Original Bases by Redshrike, Tears Expression by Laetissima and Pennomi, mapped to all frames by JaidynReiman",
      "authors": [
        "JaidynReiman",
        "Thane Brimhall (pennomi)",
        "laetissima",
        "Stephen Challener (Redshrike)"
      ],
      "licenses": [
        "CC-BY-SA 3.0",
        "GPL 3.0"
      ],
      "urls": [
        "https://opengameart.org/content/lpc-base-character-expressions",
        "https://opengameart.org/content/ulpc-expanded-expressions"
      ]
    }
  ]
}