{
  "name": "Simple Earring Right",
  "type_name": "earring_right",
  "layer_1": {
    "zPos": 115,
    "male": "facial/earrings/simple/right/adult/",
    "muscular": "facial/earrings/simple/right/adult/",
    "female": "facial/earrings/simple/right/adult/",
    "pregnant": "facial/earrings/simple/right/adult/",
    "teen": "facial/earrings/simple/right/adult/",
    "child": "facial/earrings/simple/right/child/"
  },
  "variants": [
    "base",
    "black",
    "blue",
    "bluegray",
    "brown",
    "charcoal",
    "forest",
    "gray",
    "green",
    "lavender",
    "leather",
    "maroon",
    "navy",
    "orange",
    "pink",
    "purple",
    "red",
    "rose",
    "sky",
    "slate",
    "tan",
    "teal",
    "walnut",
    "white",
    "yellow",
    "steel",
    "iron",
    "ceramic",
    "brass",
    "copper",
    "bronze",
    "silver",
    "gold"
  ],
  "animations": [
    "spellcast",
    "thrust",
    "walk",
    "slash",
    "shoot",
    "hurt",
    "watering",
    "idle",
    "jump",
    "run",
    "sit",
    "emote",
    "climb",
    "combat",
    "1h_slash",
    "1h_backslash",
    "1h_halfslash"
  ],
  "credits": [
    {
      "file": "facial/earrings/simple",
      "notes": "",
      "authors": [
        "bluecarrot16"
      ],
      "licenses": [
        "CC0"
      ],
      "urls": [
        "https://opengameart.org/content/lpc-pirates"
      ]
    }
  ]
}