{
  "name": "Small Eyepatch Left",
  "type_name": "facial_eyes",
  "layer_1": {
    "zPos": 115,
    "male": "facial/patches/small/left/adult/",
    "muscular": "facial/patches/small/left/adult/",
    "female": "facial/patches/small/left/adult/",
    "pregnant": "facial/patches/small/left/adult/",
    "teen": "facial/patches/small/left/adult/",
    "child": "facial/patches/small/left/child/"
  },
  "variants": [
    "black",
    "blue",
    "bluegray",
    "brown",
    "charcoal",
    "forest",
    "gray",
    "green",
    "lavender",
    "leather",
    "maroon",
    "navy",
    "orange",
    "pink",
    "purple",
    "red",
    "rose",
    "sky",
    "slate",
    "tan",
    "teal",
    "walnut",
    "white",
    "yellow"
  ],
  "animations": [
    "spellcast",
    "thrust",
    "walk",
    "slash",
    "shoot",
    "hurt",
    "watering",
    "idle",
    "jump",
    "run",
    "sit",
    "emote",
    "climb",
    "combat",
    "1h_slash",
    "1h_backslash",
    "1h_halfslash"
  ],
  "credits": [
    {
      "file": "facial/patches/small",
      "notes": "",
      "authors": [
        "Michael Whitlock (bigbeargames)",
        "Thane Brimhall (pennomi)",
        "laetissima"
      ],
      "licenses": [
        "CC-BY-SA 3.0",
        "GPL 3.0"
      ],
      "urls": [
        "https://opengameart.org/content/lpc-base-character-expressions",
        "https://opengameart.org/content/lpc-expanded-hats-facial-helmets"
      ]
    }
  ]
}