{
  "name": "Stud earrings",
  "type_name": "earrings",
  "layer_1": {
    "zPos": 115,
    "male": "facial/earrings/stud/male/",
    "muscular": "facial/earrings/stud/male/",
    "female": "facial/earrings/stud/female/",
    "pregnant": "facial/earrings/stud/female/",
    "teen": "facial/earrings/stud/female/"
  },
  "variants": [
    "steel",
    "iron",
    "ceramic",
    "brass",
    "copper",
    "bronze",
    "silver",
    "gold"
  ],
  "credits": [
    {
      "file": "facial/earrings/stud",
      "notes": "",
      "authors": [
        "bluecarrot16"
      ],
      "licenses": [
        "CC0"
      ],
      "urls": [
        "https://opengameart.org/content/lpc-jewelry"
      ]
    }
  ]
}