{
  "name": "Left Monocle Frame Color",
  "type_name": "facial_left_trim",
  "tags": ["facial", "monocle", "monocle_trim"],
  "required_tags": ["monocle_left"],
  "layer_1": {
    "zPos": 115,
    "male": "facial/monocle/left/frame/adult/",
    "muscular": "facial/monocle/left/frame/adult/",
    "female": "facial/monocle/left/frame/adult/",
    "pregnant": "facial/monocle/left/frame/adult/",
    "teen": "facial/monocle/left/frame/adult/",
    "child": "facial/monocle/left/frame/child/"
  },
  "variants": [
    "black",
    "blue",
    "bluegray",
    "brown",
    "charcoal",
    "forest",
    "gray",
    "green",
    "lavender",
    "leather",
    "maroon",
    "navy",
    "orange",
    "pink",
    "purple",
    "red",
    "rose",
    "sky",
    "slate",
    "tan",
    "teal",
    "walnut",
    "white",
    "yellow",
    "steel",
    "iron",
    "ceramic",
    "brass",
    "copper",
    "bronze",
    "silver",
    "gold"
  ],
  "animations": [
    "spellcast",
    "thrust",
    "walk",
    "slash",
    "shoot",
    "hurt",
    "watering",
    "idle",
    "jump",
    "run",
    "sit",
    "emote",
    "climb",
    "combat",
    "1h_slash",
    "1h_backslash",
    "1h_halfslash"
  ],
  "credits": [
    {
      "file": "facial/monocle",
      "notes": "",
      "authors": [
        "bluecarrot16",
        "Thane Brimhall (pennomi)",
        "laetissima"
      ],
      "licenses": [
        "CC-BY-SA 3.0",
        "GPL 3.0"
      ],
      "urls": [
        "https://opengameart.org/content/clothing-facial-features-and-ui-elements",
        "https://opengameart.org/content/lpc-gentleman",
        "https://opengameart.org/content/lpc-expanded-hats-facial-helmets"
      ]
    }
  ]
}