{
  "name": "Folded Rim Boots",
  "type_name": "shoes",
  "layer_1": {
    "zPos": 25,
    "male": "feet/boots/fold/male/",
    "muscular": "feet/boots/fold/male/",
    "female": "feet/boots/fold/thin/",
    "teen": "feet/boots/fold/thin/",
    "pregnant": "feet/boots/fold/thin/"
  },
  "variants": [
    "black",
    "blue",
    "bluegray",
    "brown",
    "charcoal",
    "forest",
    "gray",
    "green",
    "lavender",
    "leather",
    "maroon",
    "navy",
    "orange",
    "pink",
    "purple",
    "red",
    "rose",
    "sky",
    "slate",
    "tan",
    "teal",
    "walnut",
    "white",
    "yellow",
    "steel",
    "iron",
    "ceramic",
    "brass",
    "copper",
    "bronze",
    "silver",
    "gold"
  ],
  "animations": [
    "spellcast",
    "thrust",
    "walk",
    "slash",
    "shoot",
    "hurt",
    "watering",
    "idle",
    "jump",
    "run",
    "sit",
    "emote",
    "climb",
    "combat",
    "1h_slash",
    "1h_backslash",
    "1h_halfslash"
  ],
  "credits": [
    {
      "file": "feet/boots/fold",
      "notes": "",
      "authors": [
        "JaidynReiman"
      ],
      "licenses": [
        "OGA-BY 3.0+",
        "CC-BY 3.0+",
        "GPL 3.0"
      ],
      "urls": [
        "https://opengameart.org/content/lpc-kimono-relm",
        "https://opengameart.org/content/lpc-expanded-socks-shoes"
      ]
    }
  ]
}