{
  "name": "Slippers",
  "type_name": "shoes",
  "layer_1": {
    "zPos": 15,
    "male": "feet/slippers/male/",
    "muscular": "feet/slippers/male/",
    "female": "feet/slippers/thin/",
    "teen": "feet/slippers/thin/",
    "pregnant": "feet/slippers/thin/"
  },
  "variants": [
    "black",
    "blue",
    "bluegray",
    "brown",
    "charcoal",
    "forest",
    "gray",
    "green",
    "lavender",
    "leather",
    "maroon",
    "navy",
    "orange",
    "pink",
    "purple",
    "red",
    "rose",
    "sky",
    "slate",
    "tan",
    "teal",
    "walnut",
    "white",
    "yellow"
  ],
  "animations": [
    "spellcast",
    "thrust",
    "walk",
    "slash",
    "shoot",
    "hurt",
    "watering",
    "idle",
    "jump",
    "run",
    "sit",
    "emote",
    "climb",
    "combat",
    "1h_slash",
    "1h_backslash",
    "1h_halfslash"
  ],
  "credits": [
    {
      "file": "feet/slippers",
      "notes": "original by Luke Mehl, Joe White did thrust/shoot animations, edited for v3 bases and male sprites by bluecarrot16, Jump/Sit/Emote/Run/Revised Combat by JaidynReiman",
      "authors": [
        "bluecarrot16",
        "JaidynReiman",
        "Joe White",
        "Luke Mehl"
      ],
      "licenses": [
        "CC-BY-SA 3.0",
        "GPL 3.0"
      ],
      "urls": [
        "https://opengameart.org/content/thin-mage-clothing-set",
        "http://opengameart.org/content/lpc-clothing-updates",
        "https://opengameart.org/content/lpc-expanded-socks-shoes"
      ]
    }
  ]
}