{
  "name": "Sara Shoes",
  "type_name": "shoes",
  "layer_1": {
    "zPos": 15,
    "male": "feet/shoes/sara/male/",
    "muscular": "feet/shoes/sara/male/",
    "female": "feet/shoes/sara/thin/",
    "pregnant": "feet/shoes/sara/thin/",
    "teen": "feet/shoes/sara/thin/"
  },
  "variants": [
    "sara",
    "black",
    "blue",
    "bluegray",
    "brown",
    "charcoal",
    "forest",
    "gray",
    "green",
    "lavender",
    "leather",
    "maroon",
    "navy",
    "orange",
    "pink",
    "purple",
    "red",
    "rose",
    "sky",
    "slate",
    "tan",
    "teal",
    "walnut",
    "white",
    "yellow",
    "steel",
    "iron",
    "ceramic",
    "brass",
    "copper",
    "bronze",
    "silver",
    "gold"
  ],
  "animations": [
    "spellcast",
    "thrust",
    "walk",
    "slash",
    "shoot",
    "hurt",
    "watering",
    "idle",
    "jump",
    "run",
    "sit",
    "emote",
    "climb",
    "combat",
    "1h_slash",
    "1h_backslash",
    "1h_halfslash"
  ],
  "credits": [
    {
      "file": "feet/shoes/sara/thin",
      "notes": "LPC Sara by Redshrike, contributed by William Thompsonj, Shoes Separated by Bluecarrot16, Jump/Sit/Emote/Run/Revised Combat by JaidynReiman",
      "authors": [
        "JaidynReiman",
        "Bluecarrot16",
        "Mandi Paugh",
        "Stephen Challener (Redshrike)",
        "William.Thompsonj"
      ],
      "licenses": [
        "OGA-BY 3.0",
        "CC-BY 3.0+",
        "GPL 2.0",
        "GPL 3.0"
      ],
      "urls": [
        "http://opengameart.org/content/sara-wizard",
        "https://opengameart.org/content/lpc-sara",
        "https://opengameart.org/content/lpc-expanded-socks-shoes"
      ]
    },
    {
      "file": "feet/shoes/sara/male",
      "notes": "LPC Sara by Redshrike, contributed by William Thompsonj, Shoes Separated by Bluecarrot16, Male Version and Jump/Sit/Emote/Run/Revised Combat by JaidynReiman",
      "authors": [
        "JaidynReiman",
        "Bluecarrot16",
        "Mandi Paugh",
        "Stephen Challener (Redshrike)",
        "William.Thompsonj"
      ],
      "licenses": [
        "OGA-BY 3.0",
        "CC-BY 3.0+",
        "GPL 2.0",
        "GPL 3.0"
      ],
      "urls": [
        "http://opengameart.org/content/sara-wizard",
        "https://opengameart.org/content/lpc-sara",
        "https://opengameart.org/content/lpc-expanded-socks-shoes"
      ]
    }
  ]
}