{
  "name": "Thick Plated Toe",
  "type_name": "shoes_toe",
  "layer_1": {
    "zPos": 27,
    "male": "feet/accessory/plate_toe_thick/male/",
    "muscular": "feet/accessory/plate_toe_thick/male/",
    "female": "feet/accessory/plate_toe_thick/thin/",
    "teen": "feet/accessory/plate_toe_thick/thin/",
    "pregnant": "feet/accessory/plate_toe_thick/thin/"
  },
  "variants": [
    "steel",
    "iron",
    "ceramic",
    "brass",
    "copper",
    "bronze",
    "silver",
    "gold"
  ],
  "animations": [
    "spellcast",
    "thrust",
    "walk",
    "slash",
    "shoot",
    "hurt",
    "watering",
    "idle",
    "jump",
    "run",
    "sit",
    "emote",
    "climb",
    "combat",
    "1h_slash",
    "1h_backslash",
    "1h_halfslash"
  ],
  "credits": [
    {
      "file": "feet/accessory/plate_toe_thick",
      "notes": "",
      "authors": [
        "JaidynReiman"
      ],
      "licenses": [
        "OGA-BY 3.0+",
        "CC-BY 3.0+",
        "GPL 3.0"
      ],
      "urls": [
        "https://opengameart.org/content/lpc-kimono-relm",
        "https://opengameart.org/content/lpc-expanded-socks-shoes"
      ]
    }
  ]
}