{
  "name": "Revised Shoes",
  "type_name": "shoes",
  "layer_1": {
    "zPos": 15,
    "male": "feet/shoes/revised/male/",
    "muscular": "feet/shoes/revised/male/",
    "female": "feet/shoes/revised/thin/",
    "teen": "feet/shoes/revised/thin/",
    "pregnant": "feet/shoes/revised/thin/"
  },
  "variants": [
    "black",
    "blue",
    "bluegray",
    "brown",
    "charcoal",
    "forest",
    "gray",
    "green",
    "lavender",
    "leather",
    "maroon",
    "navy",
    "orange",
    "pink",
    "purple",
    "red",
    "rose",
    "sky",
    "slate",
    "tan",
    "teal",
    "walnut",
    "white",
    "yellow",
    "steel",
    "iron",
    "ceramic",
    "brass",
    "copper",
    "bronze",
    "silver",
    "gold"
  ],
  "animations": [
    "spellcast",
    "thrust",
    "walk",
    "slash",
    "shoot",
    "hurt",
    "watering",
    "idle",
    "jump",
    "run",
    "sit",
    "emote",
    "climb",
    "combat",
    "1h_slash",
    "1h_backslash",
    "1h_halfslash"
  ],
  "credits": [
    {
      "file": "feet/shoes/revised/male",
      "notes": "original overalls and shoes by ElizaWy, base animations adapted from v3 overalls by bluecarrot16, shoes by JaidynReiman",
      "authors": [
        "JaidynReiman",
        "ElizaWy",
        "Bluecarrot16",
        "Stephen Challener (Redshrike)",
        "Johannes Sjölund (wulax)"
      ],
      "licenses": [
        "OGA-BY 3.0",
        "GPL 3.0"
      ],
      "urls": [
        "https://github.com/ElizaWy/LPC/tree/main/Characters/Clothing",
        "https://opengameart.org/content/lpc-expanded-socks-shoes"
      ]
    },
    {
      "file": "feet/shoes/revised",
      "notes": "original by ElizaWy, remaining frames by JaidynReiman",
      "authors": [
        "ElizaWy",
        "JaidynReiman"
      ],
      "licenses": [
        "OGA-BY 3.0"
      ],
      "urls": [
        "https://github.com/ElizaWy/LPC/tree/main/Characters/Clothing",
        "https://opengameart.org/content/lpc-expanded-sit-run-jump-more",
        "https://opengameart.org/content/lpc-expanded-socks-shoes"
      ]
    }
  ]
}