{
  "name": "Hoofs",
  "type_name": "shoes",
  "layer_1": {
    "zPos": 15,
    "male": "feet/hoofs/male/",
    "muscular": "feet/hoofs/male/",
    "female": "feet/hoofs/female/",
    "teen": "feet/hoofs/female/",
    "pregnant": "feet/hoofs/female/"
  },
  "variants": [
    "light",
    "amber",
    "olive",
    "taupe",
    "bronze",
    "brown",
    "black",
    "lavender",
    "blue",
    "zombie_green",
    "green",
    "pale_green",
    "bright_green",
    "dark_green",
    "fur_black",
    "fur_brown",
    "fur_tan",
    "fur_copper",
    "fur_gold",
    "fur_grey",
    "fur_white"
  ],
  "credits": [
    {
      "file": "feet/hoofs",
      "notes": "",
      "authors": [
        "Evert"
      ],
      "licenses": [
        "CC-BY-SA 3.0",
        "GPL 3.0"
      ],
      "urls": [
        "https://opengameart.org/content/lpc-faun-and-minotaur"
      ]
    },
    {
      "file": "feet/hoofs/female",
      "notes": "edited for v3 female bases by bluecarrot16",
      "authors": [
        "bluecarrot16",
        "Evert"
      ],
      "licenses": [
        "CC-BY-SA 3.0",
        "GPL 3.0"
      ],
      "urls": [
        "https://opengameart.org/content/lpc-faun-and-minotaur",
        "http://opengameart.org/content/lpc-clothing-updates"
      ]
    }
  ]
}