{
  "name": "Shoulderr",
  "type_name": "hair",
  "layer_1": {
    "zPos": 120,
    "male": "hair/shoulderr/adult/",
    "muscular": "hair/shoulderr/adult/",
    "female": "hair/shoulderr/adult/",
    "pregnant": "hair/shoulderr/adult/",
    "teen": "hair/shoulderr/adult/"
  },
  "variants": [
    "blonde",
    "ash",
    "sandy",
    "platinum",
    "strawberry",
    "redhead",
    "ginger",
    "carrot",
    "chestnut",
    "light brown",
    "dark brown",
    "black",
    "raven",
    "dark gray",
    "gray",
    "white",
    "red",
    "orange",
    "gold",
    "green",
    "blue",
    "navy",
    "violet",
    "purple",
    "pink",
    "rose"
  ],
  "credits": [
    {
      "file": "hair/shoulderr",
      "notes": "",
      "authors": [
        "JaidynReiman",
        "Lanea Zimmerman (Sharm)",
        "Manuel Riecke (MrBeast)"
      ],
      "licenses": [
        "OGA-BY 3.0",
        "CC-BY-SA 3.0",
        "GPL 3.0"
      ],
      "urls": [
        "https://opengameart.org/content/liberated-pixel-cup-lpc-base-assets-sprites-map-tiles",
        "https://github.com/jrconway3/Universal-LPC-spritesheet/commit/c32ce8a7edd9fc7fe7daa62a39cf64e5946020a2"
      ]
    }
  ]
}