{
  "name": "Left Braid",
  "type_name": "hairextl",
  "layer_1": {
    "zPos": 128,
    "male": "hair/extensions/bangs/braidl/adult/",
    "muscular": "hair/extensions/bangs/braidl/adult/",
    "female": "hair/extensions/bangs/braidl/adult/",
    "pregnant": "hair/extensions/bangs/braidl/adult/",
    "teen": "hair/extensions/bangs/braidl/adult/",
    "child": "hair/extensions/bangs/braidl/child/"
  },
  "variants": [
    "blonde",
    "ash",
    "sandy",
    "platinum",
    "strawberry",
    "redhead",
    "ginger",
    "carrot",
    "chestnut",
    "light brown",
    "dark brown",
    "black",
    "raven",
    "dark gray",
    "gray",
    "white",
    "red",
    "orange",
    "gold",
    "green",
    "blue",
    "navy",
    "violet",
    "purple",
    "pink",
    "rose"
  ],
  "animations": [
    "spellcast",
    "thrust",
    "walk",
    "slash",
    "shoot",
    "hurt",
    "watering",
    "idle",
    "jump",
    "run",
    "sit",
    "emote",
    "climb",
    "combat",
    "1h_slash",
    "1h_backslash",
    "1h_halfslash"
  ],
  "credits": [
    {
      "file": "hair/extensions/bangs/braidl",
      "notes": "",
      "authors": [
        "JaidynReiman"
      ],
      "licenses": [
        "OGA-BY 3.0+",
        "CC-BY 3.0+",
        "CC-BY-SA 3.0",
        "GPL 3.0"
      ],
      "urls": [
        "https://opengameart.org/content/lpc-1-hairstyle-2-hair-extensions-3-previously-unofficially-released-hairstyles"
      ]
    }
  ]
}