{
  "name": "Flat top fade",
  "type_name": "hair",
  "layer_1": {
    "zPos": 120,
    "male": "hair/flat_top_fade/adult/",
    "muscular": "hair/flat_top_fade/adult/",
    "female": "hair/flat_top_fade/adult/",
    "pregnant": "hair/flat_top_fade/adult/",
    "teen": "hair/flat_top_fade/adult/"
  },
  "variants": [
    "blonde",
    "ash",
    "sandy",
    "platinum",
    "strawberry",
    "redhead",
    "ginger",
    "carrot",
    "chestnut",
    "light brown",
    "dark brown",
    "black",
    "raven",
    "dark gray",
    "gray",
    "white",
    "red",
    "orange",
    "gold",
    "green",
    "blue",
    "navy",
    "violet",
    "purple",
    "pink",
    "rose"
  ],
  "animations": [
    "spellcast",
    "thrust",
    "walk",
    "slash",
    "shoot",
    "hurt",
    "watering",
    "idle",
    "jump",
    "run",
    "sit",
    "emote",
    "climb",
    "combat",
    "1h_slash",
    "1h_backslash",
    "1h_halfslash"
  ],
  "credits": [
    {
      "file": "hair/flat_top_fade",
      "notes": "Original by bluecarrot16, animated by ElizaWy.",
      "authors": [
        "ElizaWy",
        "bluecarrot16"
      ],
      "licenses": [
        "CC0"
      ],
      "urls": [
        "https://opengameart.org/content/lpc-hair",
        "https://github.com/ElizaWy/LPC/blob/main/Characters/Hair",
        "https://opengameart.org/content/lpc-expanded-sit-run-jump-more"
      ]
    }
  ]
}