{
  "name": "Spiked liberty2",
  "type_name": "hair",
  "layer_1": {
    "zPos": 120,
    "male": "hair/spiked_liberty2/male/",
    "muscular": "hair/spiked_liberty2/male/",
    "female": "hair/spiked_liberty2/female/",
    "pregnant": "hair/spiked_liberty2/female/",
    "teen": "hair/spiked_liberty2/male/"
  },
  "variants": [
    "blonde",
    "ash",
    "sandy",
    "platinum",
    "strawberry",
    "redhead",
    "ginger",
    "carrot",
    "chestnut",
    "light brown",
    "dark brown",
    "black",
    "raven",
    "dark gray",
    "gray",
    "white",
    "red",
    "orange",
    "gold",
    "green",
    "blue",
    "navy",
    "violet",
    "purple",
    "pink",
    "rose"
  ],
  "credits": [
    {
      "file": "hair/spiked_liberty2",
      "notes": "",
      "authors": [
        "Cobra Hubbard (BlueVortexGames)",
        "bluecarrot16"
      ],
      "licenses": [
        "CC-BY 3.0"
      ],
      "urls": [
        "https://opengameart.org/content/anime-lpc-hair",
        "https://opengameart.org/content/lpc-hair"
      ]
    }
  ]
}