{
  "name": "Bedhead",
  "type_name": "hair",
  "layer_1": {
    "zPos": 120,
    "male": "hair/bedhead/male/",
    "muscular": "hair/bedhead/male/",
    "female": "hair/bedhead/female/",
    "pregnant": "hair/bedhead/female/",
    "teen": "hair/bedhead/male/"
  },
  "variants": [
    "blonde",
    "ash",
    "sandy",
    "platinum",
    "strawberry",
    "redhead",
    "ginger",
    "carrot",
    "chestnut",
    "light brown",
    "dark brown",
    "black",
    "raven",
    "dark gray",
    "gray",
    "white",
    "red",
    "orange",
    "gold",
    "green",
    "blue",
    "navy",
    "violet",
    "purple",
    "pink",
    "rose"
  ],
  "credits": [
    {
      "file": "hair/bedhead",
      "notes": "",
      "authors": [
        "Manuel Riecke (MrBeast)"
      ],
      "licenses": [
        "CC-BY-SA 3.0",
        "GPL 3.0"
      ],
      "urls": [
        "https://opengameart.org/content/liberated-pixel-cup-lpc-base-assets-sprites-map-tiles"
      ]
    }
  ]
}