{
  "name": "Parted",
  "type_name": "hair",
  "layer_1": {
    "zPos": 120,
    "male": "hair/parted/male/",
    "muscular": "hair/parted/male/",
    "female": "hair/parted/female/",
    "pregnant": "hair/parted/female/",
    "teen": "hair/parted/male/"
  },
  "variants": [
    "blonde",
    "ash",
    "sandy",
    "platinum",
    "strawberry",
    "redhead",
    "ginger",
    "carrot",
    "chestnut",
    "light brown",
    "dark brown",
    "black",
    "raven",
    "dark gray",
    "gray",
    "white",
    "red",
    "orange",
    "gold",
    "green",
    "blue",
    "navy",
    "violet",
    "purple",
    "pink",
    "rose"
  ],
  "credits": [
    {
      "file": "hair/parted",
      "notes": "down 4 and 5 added by JaidynReiman; recolors by Joe White; original by Manuel Riecke (MrBeast)",
      "authors": [
        "JaidynReiman",
        "Joe White",
        "Manuel Riecke (MrBeast)"
      ],
      "licenses": [
        "CC-BY-SA 3.0",
        "GPL 3.0"
      ],
      "urls": [
        "https://opengameart.org/content/liberated-pixel-cup-lpc-base-assets-sprites-map-tiles",
        "https://github.com/jrconway3/Universal-LPC-spritesheet/commit/46ddcf05a0e43e7aa6ffd47d350eef0eb529ac24"
      ]
    }
  ]
}