{
  "name": "Pigtails",
  "type_name": "hair",
  "layer_1": {
    "zPos": 120,
    "male": "hair/pigtails/male/",
    "muscular": "hair/pigtails/male/",
    "female": "hair/pigtails/female/",
    "pregnant": "hair/pigtails/female/",
    "teen": "hair/pigtails/male/"
  },
  "variants": [
    "blonde",
    "ash",
    "sandy",
    "platinum",
    "strawberry",
    "redhead",
    "ginger",
    "carrot",
    "chestnut",
    "light brown",
    "dark brown",
    "black",
    "raven",
    "dark gray",
    "gray",
    "white",
    "red",
    "orange",
    "gold",
    "green",
    "blue",
    "navy",
    "violet",
    "purple",
    "pink",
    "rose"
  ],
  "credits": [
    {
      "file": "hair/pigtails",
      "notes": "(betty)",
      "authors": [
        "Radomir Dopieralski",
        "bluecarrot16"
      ],
      "licenses": [
        "CC-BY-SA 3.0",
        "GPL 3.0"
      ],
      "urls": [
        "https://opengameart.org/content/one-more-lpc-alternate-character",
        "https://opengameart.org/content/lpc-hair"
      ]
    }
  ]
}