{
  "name": "Close helm",
  "type_name": "hat",
  "layer_1": {
    "zPos": 130,
    "female": "hat/helmet/close/female/",
    "pregnant": "hat/helmet/close/female/",
    "male": "hat/helmet/close/male/",
    "muscular": "hat/helmet/close/male/",
    "teen": "hat/helmet/close/female/"
  },
  "variants": [
    "steel",
    "iron",
    "ceramic",
    "brass",
    "copper",
    "bronze",
    "silver",
    "gold"
  ],
  "animations": [
    "spellcast",
    "thrust",
    "walk",
    "slash",
    "shoot",
    "hurt",
    "watering",
    "idle",
    "jump",
    "run",
    "sit",
    "emote",
    "climb",
    "combat",
    "1h_slash",
    "1h_backslash",
    "1h_halfslash"
  ],
  "credits": [
    {
      "file": "hat/helmet/close",
      "notes": "",
      "authors": [
        "bluecarrot16"
      ],
      "licenses": [
        "OGA-BY 3.0",
        "CC-BY 3.0",
        "CC-BY 4.0",
        "GPL 2.0",
        "GPL 3.0"
      ],
      "urls": [
        "https://opengameart.org/content/lpc-helmets",
        "https://opengameart.org/content/lpc-expanded-hats-facial-helmets"
      ]
    }
  ]
}