{
  "name": "Round visor raised",
  "type_name": "visor",
  "layer_1": {
    "zPos": 132,
    "female": "hat/visor/round_raised/adult/",
    "pregnant": "hat/visor/round_raised/adult/",
    "male": "hat/visor/round_raised/adult/",
    "muscular": "hat/visor/round_raised/adult/",
    "teen": "hat/visor/round_raised/adult/"
  },
  "variants": [
    "steel",
    "iron",
    "ceramic",
    "brass",
    "copper",
    "bronze",
    "silver",
    "gold"
  ],
  "animations": [
    "spellcast",
    "thrust",
    "walk",
    "slash",
    "shoot",
    "hurt",
    "watering",
    "idle",
    "jump",
    "run",
    "sit",
    "emote",
    "climb",
    "combat",
    "1h_slash",
    "1h_backslash",
    "1h_halfslash"
  ],
  "credits": [
    {
      "file": "hat/visor/round_raised",
      "notes": "",
      "authors": [
        "bluecarrot16",
        "ElizaWy",
        "Sander Frenken (castelonia)"
      ],
      "licenses": [
        "OGA-BY 3.0",
        "CC-BY-SA 4.0",
        "CC-BY-SA 3.0",
        "GPL 3.0"
      ],
      "urls": [
        "https://opengameart.org/content/lpc-realistic-helmet-pack",
        "https://opengameart.org/content/lpc-helmets-mega-pack",
        "https://opengameart.org/content/lpc-expanded-hats-facial-helmets"
      ]
    }
  ]
}