{
  "name": "Bicorne Athwart Commodore",
  "type_name": "hat",
  "layer_1": {
    "zPos": 130,
    "male": "hat/pirate/bicorne/athwart/commodore/adult/",
    "muscular": "hat/pirate/bicorne/athwart/commodore/adult/",
    "female": "hat/pirate/bicorne/athwart/commodore/adult/",
    "teen": "hat/pirate/bicorne/athwart/commodore/adult/",
    "pregnant": "hat/pirate/bicorne/athwart/commodore/adult/"
  },
  "variants": [
    "black",
    "blue",
    "bluegray",
    "brown",
    "charcoal",
    "forest",
    "gray",
    "green",
    "lavender",
    "leather",
    "maroon",
    "navy",
    "orange",
    "pink",
    "purple",
    "red",
    "rose",
    "sky",
    "slate",
    "tan",
    "teal",
    "walnut",
    "white",
    "yellow"
  ],
  "animations": [
    "spellcast",
    "thrust",
    "walk",
    "slash",
    "shoot",
    "hurt",
    "watering",
    "idle",
    "jump",
    "run",
    "sit",
    "emote",
    "climb",
    "combat",
    "1h_slash",
    "1h_backslash",
    "1h_halfslash"
  ],
  "credits": [
    {
      "file": "hat/pirate/bicorne/athwart/commodore",
      "notes": "Pirate Hat by Bluecarrot16, layers and added animations by JaidynReiman",
      "authors": [
        "bluecarrot16",
        "JaidynReiman"
      ],
      "licenses": [
        "OGA-BY 3.0"
      ],
      "urls": [
        "https://opengameart.org/content/lpc-pirates",
        "https://opengameart.org/content/lpc-expanded-hats-facial-helmets"
      ]
    }
  ]
}