{
  "name": "Centurion Plumage",
  "type_name": "accessory",
  "layer_1": {
    "zPos": 139,
    "female": "hat/accessory/plumage_centurion/adult/",
    "pregnant": "hat/accessory/plumage_centurion/adult/",
    "male": "hat/accessory/plumage_centurion/adult/",
    "muscular": "hat/accessory/plumage_centurion/adult/",
    "teen": "hat/accessory/plumage_centurion/adult/"
  },
  "variants": [
    "black",
    "blue",
    "bluegray",
    "brown",
    "charcoal",
    "forest",
    "gray",
    "green",
    "lavender",
    "leather",
    "maroon",
    "navy",
    "orange",
    "pink",
    "purple",
    "red",
    "rose",
    "sky",
    "slate",
    "tan",
    "teal",
    "walnut",
    "white",
    "yellow"
  ],
  "animations": [
    "spellcast",
    "thrust",
    "walk",
    "slash",
    "shoot",
    "hurt",
    "watering",
    "idle",
    "jump",
    "run",
    "sit",
    "emote",
    "climb",
    "combat",
    "1h_slash",
    "1h_backslash",
    "1h_halfslash"
  ],
  "credits": [
    {
      "file": "hat/accessory/plumage_centurion",
      "notes": "",
      "authors": [
        "bluecarrot16",
        "DCSS authors"
      ],
      "licenses": [
        "CC0"
      ],
      "urls": [
        "http://opengameart.org/content/dungeon-crawl-32x32-tiles",
        "https://opengameart.org/content/cc0-headgear-icons",
        "https://opengameart.org/content/lpc-helmets-mega-pack",
        "https://opengameart.org/content/lpc-expanded-hats-facial-helmets"
      ]
    }
  ]
}