{
  "name": "Horned helmet",
  "type_name": "hat",
  "layer_1": {
    "zPos": 130,
    "female": "hat/helmet/horned/adult/",
    "pregnant": "hat/helmet/horned/adult/",
    "male": "hat/helmet/horned/adult/",
    "muscular": "hat/helmet/horned/adult/",
    "teen": "hat/helmet/horned/adult/"
  },
  "variants": [
    "steel",
    "iron",
    "ceramic",
    "brass",
    "copper",
    "bronze",
    "silver",
    "gold"
  ],
  "animations": [
    "spellcast",
    "thrust",
    "walk",
    "slash",
    "shoot",
    "hurt",
    "watering",
    "idle",
    "jump",
    "run",
    "sit",
    "emote",
    "climb",
    "combat",
    "1h_slash",
    "1h_backslash",
    "1h_halfslash"
  ],
  "credits": [
    {
      "file": "hat/helmet/horned",
      "notes": "",
      "authors": [
        "bluecarrot16",
        "Shaun Williams",
        "Matthew Krohn (makrohn)",
        "Johannes Sjölund (wulax)",
        "Sander Frenken (castelonia)"
      ],
      "licenses": [
        "CC-BY-SA 3.0",
        "GPL 3.0"
      ],
      "urls": [
        "https://opengameart.org/content/lpc-medieval-fantasy-character-sprites",
        "https://opengameart.org/content/lpc-full-plate-golden-armor",
        "https://opengameart.org/content/lpc-full-plate-golden-armor-0",
        "https://opengameart.org/content/lpc-helmets-mega-pack",
        "https://opengameart.org/content/lpc-expanded-hats-facial-helmets"
      ]
    }
  ]
}