{
  "name": "Bandana",
  "type_name": "bandana",
  "layer_1": {
    "zPos": 120,
    "male": "hat/cloth/bandana/adult/",
    "female": "hat/cloth/bandana/adult/",
    "muscular": "hat/cloth/bandana/adult/",
    "pregnant": "hat/cloth/bandana/adult/",
    "teen": "hat/cloth/bandana/adult/"
  },
  "variants": [
    "bandana_gray",
    "bandana_red",
    "bandana_white",
    "black",
    "blue",
    "bluegray",
    "brown",
    "charcoal",
    "forest",
    "gray",
    "green",
    "lavender",
    "leather",
    "maroon",
    "navy",
    "orange",
    "pink",
    "purple",
    "red",
    "rose",
    "sky",
    "slate",
    "tan",
    "teal",
    "walnut",
    "white",
    "yellow"
  ],
  "animations": [
    "spellcast",
    "thrust",
    "walk",
    "slash",
    "shoot",
    "hurt",
    "watering",
    "idle",
    "jump",
    "run",
    "sit",
    "emote",
    "climb",
    "combat",
    "1h_slash",
    "1h_backslash",
    "1h_halfslash"
  ],
  "credits": [
    {
      "file": "hat/cloth/bandana",
      "notes": "",
      "authors": [
        "Matthew Krohn (makrohn)",
        "JaidynReiman",
        "Marcel van de Steeg (MadMarcel)",
        "JaidynReiman"
      ],
      "licenses": [
        "OGA-BY 3.0",
        "CC-BY-SA 3.0"
      ],
      "urls": [
        "https://opengameart.org/content/lpc-female-orcogregoblintroll-base-walkcycle",
        "https://github.com/makrohn/Universal-LPC-spritesheet/commit/f50007cb47c235d8896cafae7a613f0b6a9a09a8?short_path=02b86d4#diff-02b86d45789a3e3e8e79519c7d17d15c9e6ecc9b4ddecb1bcd8dfbbaef430b75",
        "https://opengameart.org/content/lpc-expanded-hats-facial-helmets"
      ]
    }
  ]
}