{
  "name": "Celestial Wizard Hat Second Color",
  "type_name": "hat_trim",
  "tags": ["wizard", "hat_trim"],
  "required_tags": ["celestial"],
  "layer_1": {
    "zPos": 131,
    "male": "hat/magic/celestial/trim/adult/",
    "female": "hat/magic/celestial/trim/adult/",
    "muscular": "hat/magic/celestial/trim/adult/",
    "pregnant": "hat/magic/celestial/trim/adult/",
    "teen": "hat/magic/celestial/trim/adult/"
  },
  "variants": [
    "black",
    "blue",
    "bluegray",
    "brown",
    "charcoal",
    "forest",
    "gray",
    "green",
    "lavender",
    "leather",
    "maroon",
    "navy",
    "orange",
    "pink",
    "purple",
    "red",
    "rose",
    "sky",
    "slate",
    "tan",
    "teal",
    "walnut",
    "white",
    "yellow",
    "steel",
    "iron",
    "ceramic",
    "brass",
    "copper",
    "bronze",
    "silver",
    "gold"
  ],
  "animations": [
    "spellcast",
    "thrust",
    "walk",
    "slash",
    "shoot",
    "hurt",
    "watering",
    "idle",
    "jump",
    "run",
    "sit",
    "emote",
    "climb",
    "combat",
    "1h_slash",
    "1h_backslash",
    "1h_halfslash"
  ],
  "credits": [
    {
      "file": "hat/magic/celestial",
      "notes": "Original by Tracy, Adapted to ULPC by Big Bear Games, reduced colors by Napsio, second color layer by JaidynReiman",
      "authors": [
        "JaidynReiman",
        "Napsio",
        "Michael Whitlock (bigbeargames)",
        "Tracy"
      ],
      "licenses": [
        "CC-BY 3.0"
      ],
      "urls": [
        "https://opengameart.org/content/lpc-celestial-wizard-hats",
        "https://opengameart.org/content/lpc-expanded-hats-facial-helmets"
      ]
    }
  ]
}