{
  "name": "Tiara",
  "type_name": "hat",
  "layer_1": {
    "zPos": 130,
    "female": "hat/formal/tiara/adult/",
    "pregnant": "hat/formal/tiara/adult/",
    "male": "hat/formal/tiara/adult/",
    "teen": "hat/formal/tiara/adult/",
    "muscular": "hat/formal/tiara/adult/"
  },
  "variants": [
    "tiara_bronze",
    "tiara_gold",
    "tiara_iron",
    "tiara_purple",
    "tiara_silver",
    "black",
    "blue",
    "bluegray",
    "brown",
    "charcoal",
    "forest",
    "gray",
    "green",
    "lavender",
    "leather",
    "maroon",
    "navy",
    "orange",
    "pink",
    "purple",
    "red",
    "rose",
    "sky",
    "slate",
    "tan",
    "teal",
    "walnut",
    "white",
    "yellow",
    "steel",
    "iron",
    "ceramic",
    "brass",
    "copper",
    "bronze",
    "silver",
    "gold"
  ],
  "animations": [
    "spellcast",
    "thrust",
    "walk",
    "slash",
    "shoot",
    "hurt",
    "watering",
    "idle",
    "jump",
    "run",
    "sit",
    "emote",
    "climb",
    "combat",
    "1h_slash",
    "1h_backslash",
    "1h_halfslash"
  ],
  "credits": [
    {
      "file": "hat/formal/tiara",
      "notes": "",
      "authors": [
        "Luke Mehl"
      ],
      "licenses": [
        "CC-BY-SA 3.0",
        "GPL 3.0"
      ],
      "urls": [
        "https://opengameart.org/content/female-mage-clothing-set",
        "https://opengameart.org/content/lpc-expanded-hats-facial-helmets"
      ]
    }
  ]
}