{
  "name": "Wizard Hat Buckle",
  "type_name": "hat_buckle",
  "tags": ["wizard", "hat_buckle"],
  "required_tags": ["pointed_wizard"],
  "layer_1": {
    "zPos": 132,
    "male": "hat/magic/wizard/buckle/adult/",
    "female": "hat/magic/wizard/buckle/adult/",
    "muscular": "hat/magic/wizard/buckle/adult/",
    "pregnant": "hat/magic/wizard/buckle/adult/",
    "teen": "hat/magic/wizard/buckle/adult/"
  },
  "variants": [
    "steel",
    "iron",
    "ceramic",
    "brass",
    "copper",
    "bronze",
    "silver",
    "gold"
  ],
  "animations": [
    "spellcast",
    "thrust",
    "walk",
    "slash",
    "shoot",
    "hurt",
    "watering",
    "idle",
    "jump",
    "run",
    "sit",
    "emote",
    "climb",
    "combat",
    "1h_slash",
    "1h_backslash",
    "1h_halfslash"
  ],
  "credits": [
    {
      "file": "hat/magic/wizard",
      "notes": "Original Wizard Hat and Recolors by bigbeargames and reemax; split into separate layers with new recolors by JaidynReiman",
      "authors": [
        "Michael Whitlock (bigbeargames)",
        "Tuomo Untinen (reemax)",
        "JaidynReiman"
      ],
      "licenses": [
        "CC-BY-SA 3.0",
        "GPL 2.0",
        "GPL 3.0"
      ],
      "urls": [
        "https://opengameart.org/content/lpc-items-and-game-effects",
        "https://opengameart.org/content/lpc-pointed-hats",
        "https://opengameart.org/content/lpc-expanded-hats-facial-helmets"
      ]
    }
  ]
}