{
  "name": "Tricorne Thatching",
  "type_name": "hat_trim",
  "tags": ["tricorne", "hat_trim", "thatching"],
  "required_tags": ["tricorne_basic"],
  "layer_1": {
    "zPos": 131,
    "male": "hat/pirate/tricorne/basic/thatching/adult/",
    "muscular": "hat/pirate/tricorne/basic/thatching/adult/",
    "female": "hat/pirate/tricorne/basic/thatching/adult/",
    "teen": "hat/pirate/tricorne/basic/thatching/adult/",
    "pregnant": "hat/pirate/tricorne/basic/thatching/adult/"
  },
  "variants": [
    "black",
    "blue",
    "bluegray",
    "brown",
    "charcoal",
    "forest",
    "gray",
    "green",
    "lavender",
    "leather",
    "maroon",
    "navy",
    "orange",
    "pink",
    "purple",
    "red",
    "rose",
    "sky",
    "slate",
    "tan",
    "teal",
    "walnut",
    "white",
    "yellow"
  ],
  "animations": [
    "spellcast",
    "thrust",
    "walk",
    "slash",
    "shoot",
    "hurt",
    "watering",
    "idle",
    "jump",
    "run",
    "sit",
    "emote",
    "climb",
    "combat",
    "1h_slash",
    "1h_backslash",
    "1h_halfslash"
  ],
  "credits": [
    {
      "file": "hat/pirate/tricorne",
      "notes": "Pirate Hat by Bluecarrot16, layers and added animations by JaidynReiman",
      "authors": [
        "bluecarrot16"
      ],
      "licenses": [
        "OGA-BY 3.0"
      ],
      "urls": [
        "https://opengameart.org/content/lpc-pirates",
        "https://opengameart.org/content/lpc-expanded-hats-facial-helmets"
      ]
    }
  ]
}