{
  "name": "Wizard Hat Base",
  "type_name": "hat",
  "tags": ["wizard", "pointed_wizard"],
  "layer_1": {
    "zPos": 130,
    "male": "hat/magic/wizard/base/adult/",
    "female": "hat/magic/wizard/base/adult/",
    "muscular": "hat/magic/wizard/base/adult/",
    "pregnant": "hat/magic/wizard/base/adult/",
    "teen": "hat/magic/wizard/base/adult/"
  },
  "variants": [
    "base_black",
    "base_brown",
    "base_gray",
    "base_red",
    "base_teal",
    "base_yellow",
    "white",
    "black",
    "blue",
    "bluegray",
    "brown",
    "charcoal",
    "forest",
    "gray",
    "green",
    "lavender",
    "leather",
    "maroon",
    "navy",
    "orange",
    "pink",
    "purple",
    "red",
    "rose",
    "sky",
    "slate",
    "tan",
    "teal",
    "walnut",
    "yellow"
  ],
  "animations": [
    "spellcast",
    "thrust",
    "walk",
    "slash",
    "shoot",
    "hurt",
    "watering",
    "idle",
    "jump",
    "run",
    "sit",
    "emote",
    "climb",
    "combat",
    "1h_slash",
    "1h_backslash",
    "1h_halfslash"
  ],
  "credits": [
    {
      "file": "hat/magic/wizard",
      "notes": "Original Wizard Hat and Recolors by bigbeargames and reemax; split into separate layers with new recolors by JaidynReiman",
      "authors": [
        "Michael Whitlock (bigbeargames)",
        "Tuomo Untinen (reemax)",
        "JaidynReiman"
      ],
      "licenses": [
        "CC-BY-SA 3.0",
        "GPL 2.0",
        "GPL 3.0"
      ],
      "urls": [
        "https://opengameart.org/content/lpc-items-and-game-effects",
        "https://opengameart.org/content/lpc-pointed-hats",
        "https://opengameart.org/content/lpc-expanded-hats-facial-helmets"
      ]
    }
  ]
}