{
  "name": "Kettle helm",
  "type_name": "hat",
  "layer_1": {
    "zPos": 135,
    "female": "hat/helmet/kettle/adult/",
    "pregnant": "hat/helmet/kettle/adult/",
    "male": "hat/helmet/kettle/adult/",
    "muscular": "hat/helmet/kettle/adult/",
    "teen": "hat/helmet/kettle/adult/"
  },
  "variants": [
    "steel"
  ],
  "animations": [
    "spellcast",
    "thrust",
    "walk",
    "slash",
    "shoot",
    "hurt",
    "watering",
    "idle",
    "jump",
    "run",
    "sit",
    "emote",
    "climb",
    "combat",
    "1h_slash",
    "1h_backslash",
    "1h_halfslash"
  ],
  "credits": [
    {
      "file": "hat/helmet/kettle",
      "notes": "previously referred to as chain-hat",
      "authors": [
        "Johannes Sjölund (wulax)"
      ],
      "licenses": [
        "OGA-BY 3.0",
        "CC-BY-SA 3.0",
        "GPL 3.0"
      ],
      "urls": [
        "https://opengameart.org/content/lpc-medieval-fantasy-character-sprites",
        "https://opengameart.org/content/lpc-expanded-hats-facial-helmets"
      ]
    }
  ]
}