{
  "name": "Pirate Bandana",
  "type_name": "bandana",
  "layer_1": {
    "zPos": 120,
    "male": "hat/pirate/bandana/adult/",
    "muscular": "hat/pirate/bandana/adult/",
    "female": "hat/pirate/bandana/adult/",
    "pregnant": "hat/pirate/bandana/adult/",
    "teen": "hat/pirate/bandana/adult/"
  },
  "variants": [
    "black",
    "blue",
    "bluegray",
    "brown",
    "charcoal",
    "forest",
    "gray",
    "green",
    "lavender",
    "leather",
    "maroon",
    "navy",
    "orange",
    "pink",
    "purple",
    "red",
    "rose",
    "sky",
    "slate",
    "tan",
    "teal",
    "walnut",
    "white",
    "yellow"
  ],
  "animations": [
    "spellcast",
    "thrust",
    "walk",
    "slash",
    "shoot",
    "hurt",
    "watering",
    "idle",
    "jump",
    "run",
    "sit",
    "emote",
    "climb",
    "combat",
    "1h_slash",
    "1h_backslash",
    "1h_halfslash"
  ],
  "credits": [
    {
      "file": "hat/pirate/bandana",
      "notes": "Original Bandana by Fabzy, Pirate Version by Bluecarrot16, layers and added animations by JaidynReiman",
      "authors": [
        "bluecarrot16",
        "Fabzy"
      ],
      "licenses": [
        "CC-BY-SA 3.0"
      ],
      "urls": [
        "https://opengameart.org/content/the-revolution-hair",
        "https://opengameart.org/content/lpc-pirates",
        "https://opengameart.org/content/lpc-expanded-hats-facial-helmets"
      ]
    }
  ]
}