{
  "name": "Centurion Crest",
  "type_name": "accessory",
  "layer_1": {
    "zPos": 139,
    "female": "hat/accessory/crest_centurion/adult/",
    "pregnant": "hat/accessory/crest_centurion/adult/",
    "male": "hat/accessory/crest_centurion/adult/",
    "muscular": "hat/accessory/crest_centurion/adult/",
    "teen": "hat/accessory/crest_centurion/adult/"
  },
  "variants": [
    "steel",
    "iron",
    "ceramic",
    "brass",
    "copper",
    "bronze",
    "silver",
    "gold"
  ],
  "animations": [
    "spellcast",
    "thrust",
    "walk",
    "slash",
    "shoot",
    "hurt",
    "watering",
    "idle",
    "jump",
    "run",
    "sit",
    "emote",
    "climb",
    "combat",
    "1h_slash",
    "1h_backslash",
    "1h_halfslash"
  ],
  "credits": [
    {
      "file": "hat/accessory/crest_centurion",
      "notes": "",
      "authors": [
        "bluecarrot16",
        "DCSS authors"
      ],
      "licenses": [
        "CC0"
      ],
      "urls": [
        "http://opengameart.org/content/dungeon-crawl-32x32-tiles",
        "https://opengameart.org/content/cc0-headgear-icons",
        "https://opengameart.org/content/lpc-helmets-mega-pack",
        "https://opengameart.org/content/lpc-expanded-hats-facial-helmets"
      ]
    }
  ]
}