{
  "name": "Frankenstein",
  "type_name": "head",
  "tags": ["monster", "frankenstein"],
  "layer_1": {
    "zPos": 100,
    "male": "head/heads/frankenstein/adult/",
    "muscular": "head/heads/frankenstein/adult/",
    "female": "head/heads/frankenstein/adult/",
    "pregnant": "head/heads/frankenstein/adult/",
    "teen": "head/heads/frankenstein/adult/"
  },
  "variants": [
    "light",
    "amber",
    "olive",
    "taupe",
    "bronze",
    "brown",
    "black",
    "lavender",
    "blue",
    "zombie_green",
    "green",
    "pale_green",
    "bright_green",
    "dark_green",
    "zombie",
    "fur_black",
    "fur_brown",
    "fur_tan",
    "fur_copper",
    "fur_gold",
    "fur_grey",
    "fur_white"
  ],
  "match_body_color": true,
  "animations": [
    "spellcast",
    "thrust",
    "walk",
    "slash",
    "shoot",
    "hurt",
    "watering",
    "idle",
    "jump",
    "run",
    "sit",
    "emote",
    "climb",
    "combat",
    "1h_slash",
    "1h_backslash",
    "1h_halfslash"
  ],
  "credits": [
    {
      "file": "head/heads/frankenstein",
      "notes": "original head by Redshrike, frankenstein's monster version by bluecarrot16",
      "authors": [
        "Stephen Challener (Redshrike)",
        "bluecarrot16"
      ],
      "licenses": [
        "OGA-BY 3.0",
        "CC-BY-SA 3.0",
        "GPL 3.0"
      ],
      "urls": [
        "https://opengameart.org/content/liberated-pixel-cup-lpc-base-assets-sprites-map-tiles",
        "https://opengameart.org/content/lpc-folk"
      ]
    }
  ]
}