{
  "name": "Wolf child",
  "type_name": "head",
  "tags": ["animal", "child"],
  "layer_1": {
    "zPos": 100,
    "child": "head/heads/wolf/child/"
  },
  "variants": [
    "fur_black",
    "fur_brown",
    "fur_tan",
    "fur_copper",
    "fur_gold",
    "fur_grey",
    "fur_white",
    "light",
    "amber",
    "olive",
    "taupe",
    "bronze",
    "brown",
    "black",
    "lavender",
    "blue",
    "zombie_green",
    "green",
    "pale_green",
    "bright_green",
    "dark_green",
    "zombie"
  ],
  "match_body_color": true,
  "animations": [
    "spellcast",
    "thrust",
    "walk",
    "slash",
    "shoot",
    "hurt",
    "watering",
    "idle",
    "jump",
    "run",
    "sit",
    "emote",
    "climb",
    "combat",
    "1h_slash",
    "1h_backslash",
    "1h_halfslash"
  ],
  "credits": [
    {
      "file": "head/heads/wolf/child",
      "notes": "original wolf animation by Redshrike, commissioned by William.Thompsonj; wolfman sprite by BenCreating, commissioned by castelonia; child version by bluecarrot16",
      "authors": [
        "bluecarrot16",
        "Sander Frenken (castelonia)",
        "Benjamin K. Smith (BenCreating)",
        "William.Thompsonj",
        "Stephen Challener (Redshrike)"
      ],
      "licenses": [
        "CC-BY-SA 3.0",
        "GPL 3.0"
      ],
      "urls": [
        "https://opengameart.org/content/liberated-pixel-cup-lpc-base-assets-sprites-map-tiles",
        "https://opengameart.org/content/lpc-wolf-animation",
        "https://opengameart.org/content/lpc-wolfman",
        "https://opengameart.org/content/lpc-character-bases"
      ]
    }
  ]
}