{
  "name": "Boarman",
  "type_name": "head",
  "tags": ["animal", "boarman", "adult"],
  "layer_1": {
    "zPos": 100,
    "male": "head/heads/boarman/adult/",
    "muscular": "head/heads/boarman/adult/",
    "female": "head/heads/boarman/adult/",
    "pregnant": "head/heads/boarman/adult/",
    "teen": "head/heads/boarman/adult/"
  },
  "variants": [
    "fur_black",
    "fur_brown",
    "fur_tan",
    "fur_copper",
    "fur_gold",
    "fur_grey",
    "fur_white",
    "light",
    "amber",
    "olive",
    "taupe",
    "bronze",
    "brown",
    "black",
    "lavender",
    "blue",
    "zombie_green",
    "green",
    "pale_green",
    "bright_green",
    "dark_green",
    "zombie"
  ],
  "match_body_color": true,
  "animations": [
    "spellcast",
    "thrust",
    "walk",
    "slash",
    "shoot",
    "hurt",
    "watering",
    "idle",
    "jump",
    "run",
    "sit",
    "emote",
    "climb",
    "combat",
    "1h_slash",
    "1h_backslash",
    "1h_halfslash"
  ],
  "credits": [
    {
      "file": "head/heads/boarman",
      "notes": "pig by daneeklu adapted to boarman by BenCreating, placed to v3 bases by bluecarrot16",
      "authors": [
        "Benjamin K. Smith (BenCreating)",
        "Daniel Eddeland (daneeklu)"
      ],
      "licenses": [
        "CC-BY 3.0",
        "GPL 2.0"
      ],
      "urls": [
        "https://opengameart.org/content/lpc-style-farm-animals",
        "https://opengameart.org/content/lpc-wild-boar",
        "https://opengameart.org/content/lpc-boarman"
      ]
    }
  ]
}