{
  "name": "Human female elderly",
  "type_name": "head",
  "tags": ["human", "elderly"],
  "layer_1": {
    "zPos": 100,
    "male": "head/heads/human/female_elderly/",
    "muscular": "head/heads/human/female_elderly/",
    "female": "head/heads/human/female_elderly/",
    "pregnant": "head/heads/human/female_elderly/",
    "teen": "head/heads/human/female_elderly/"
  },
  "variants": [
    "light",
    "amber",
    "olive",
    "taupe",
    "bronze",
    "brown",
    "black",
    "lavender",
    "blue",
    "zombie_green",
    "green",
    "pale_green",
    "bright_green",
    "dark_green",
    "zombie",
    "fur_black",
    "fur_brown",
    "fur_tan",
    "fur_copper",
    "fur_gold",
    "fur_grey",
    "fur_white"
  ],
  "match_body_color": true,
  "animations": [
    "spellcast",
    "thrust",
    "walk",
    "slash",
    "shoot",
    "hurt",
    "watering",
    "idle",
    "jump",
    "run",
    "sit",
    "emote",
    "climb",
    "combat",
    "1h_slash",
    "1h_backslash",
    "1h_halfslash"
  ],
  "credits": [
    {
      "file": "head/heads/human/female_elderly",
      "notes": "",
      "authors": [
        "Benjamin K. Smith (BenCreating)",
        "Eliza Wyatt (ElizaWy)",
        "Stephen Challener (Redshrike)"
      ],
      "licenses": [
        "OGA-BY 3.0",
        "CC-BY 3.0"
      ],
      "urls": [
        "https://opengameart.org/content/liberated-pixel-cup-lpc-base-assets-sprites-map-tiles",
        "https://opengameart.org/content/lpc-revised-elders",
        "https://opengameart.org/content/lpc-character-bases"
      ]
    }
  ]
}