{
  "name": "Sheep",
  "type_name": "head",
  "tags": ["animal", "adult"],
  "layer_1": {
    "zPos": 100,
    "male": "head/heads/sheep/adult/",
    "muscular": "head/heads/sheep/adult/",
    "female": "head/heads/sheep/adult/",
    "pregnant": "head/heads/sheep/adult/",
    "teen": "head/heads/sheep/adult/"
  },
  "variants": [
    "fur_black",
    "fur_brown",
    "fur_tan",
    "fur_copper",
    "fur_gold",
    "fur_grey",
    "fur_white",
    "light",
    "amber",
    "olive",
    "taupe",
    "bronze",
    "brown",
    "black",
    "lavender",
    "blue",
    "zombie_green",
    "green",
    "pale_green",
    "bright_green",
    "dark_green",
    "zombie"
  ],
  "match_body_color": true,
  "animations": [
    "spellcast",
    "thrust",
    "walk",
    "slash",
    "shoot",
    "hurt",
    "watering",
    "idle",
    "jump",
    "run",
    "sit",
    "emote",
    "climb",
    "combat",
    "1h_slash",
    "1h_backslash",
    "1h_halfslash"
  ],
  "credits": [
    {
      "file": "head/heads/sheep",
      "notes": "original sheep by daneeklu, adapted to modular head by bluecarrot16",
      "authors": [
        "bluecarrot16",
        "Daniel Eddeland (daneeklu)"
      ],
      "licenses": [
        "CC-BY 3.0",
        "GPL 3.0"
      ],
      "urls": [
        "https://opengameart.org/content/lpc-style-farm-animals",
        "http://opengameart.org/content/lpc-folk"
      ]
    }
  ]
}