{
  "name": "Lizard male",
  "type_name": "head",
  "tags": ["lizard", "adult"],
  "layer_1": {
    "zPos": 100,
    "male": "head/heads/lizard/male/",
    "muscular": "head/heads/lizard/male/",
    "female": "head/heads/lizard/male/",
    "pregnant": "head/heads/lizard/male/",
    "teen": "head/heads/lizard/male/"
  },
  "variants": [
    "light",
    "amber",
    "olive",
    "taupe",
    "bronze",
    "brown",
    "black",
    "lavender",
    "blue",
    "zombie_green",
    "green",
    "pale_green",
    "bright_green",
    "dark_green"
  ],
  "match_body_color": true,
  "animations": [
    "spellcast",
    "thrust",
    "walk",
    "slash",
    "shoot",
    "hurt",
    "watering",
    "idle",
    "jump",
    "run",
    "sit",
    "emote",
    "climb",
    "combat",
    "1h_slash",
    "1h_backslash",
    "1h_halfslash"
  ],
  "credits": [
    {
      "file": "head/heads/lizard/male",
      "notes": "original lizard/drake by Nila122, reworked by BenCreating, modular head and further revisions by bluecarrot16. Nila122 gave blanket permission to MedicineStorm to use Nila122's LPC assets under OGA-BY 3.0 (where original or derived only from other works under OGA-BY).",
      "authors": [
        "bluecarrot16",
        "Benjamin K. Smith (BenCreating)",
        "Nila122"
      ],
      "licenses": [
        "OGA-BY 3.0",
        "CC-BY-SA 3.0",
        "GPL 3.0"
      ],
      "urls": [
        "https://opengameart.org/content/drakes-and-lizardfolk",
        "https://opengameart.org/content/lpc-character-bases"
      ]
    }
  ]
}