{
  "name": "Wartotaur",
  "type_name": "head",
  "tags": ["animal", "wartotaur"],
  "layer_1": {
    "zPos": 100,
    "male": "head/heads/wartotaur/adult/",
    "muscular": "head/heads/wartotaur/adult/",
    "female": "head/heads/wartotaur/adult/",
    "pregnant": "head/heads/wartotaur/adult/",
    "teen": "head/heads/wartotaur/adult/"
  },
  "variants": [
    "fur_black",
    "fur_brown",
    "fur_tan",
    "fur_copper",
    "fur_gold",
    "fur_grey",
    "fur_white",
    "light",
    "amber",
    "olive",
    "taupe",
    "bronze",
    "brown",
    "black",
    "lavender",
    "blue",
    "zombie_green",
    "green",
    "pale_green",
    "bright_green",
    "dark_green",
    "zombie"
  ],
  "match_body_color": true,
  "animations": [
    "spellcast",
    "thrust",
    "walk",
    "slash",
    "shoot",
    "hurt",
    "watering",
    "idle",
    "jump",
    "run",
    "sit",
    "emote",
    "climb",
    "combat",
    "1h_slash",
    "1h_backslash",
    "1h_halfslash"
  ],
  "credits": [
    {
      "file": "head/heads/wartotaur",
      "notes": "original \"wart-o-taur\" concept and sprite by Redshrike, extended to 4 directions and head extracted by Evert, cleanup and hurt/cast animations by bluecarrot16",
      "authors": [
        "bluecarrot16",
        "Evert",
        "Stephen Challener (Redshrike)"
      ],
      "licenses": [
        "OGA-BY 3.0",
        "CC-BY 3.0"
      ],
      "urls": [
        "https://opengameart.org/content/tower-defense-prototyping-assets-4-monsters-some-tiles-a-background-image",
        "https://opengameart.org/content/wartotaur-4-directions",
        "https://opengameart.org/content/lpc-folk"
      ]
    }
  ]
}