{
  "name": "Alien",
  "type_name": "head",
  "tags": ["alien"],
  "layer_1": {
    "zPos": 100,
    "male": "head/heads/alien/adult/",
    "muscular": "head/heads/alien/adult/",
    "female": "head/heads/alien/adult/",
    "pregnant": "head/heads/alien/adult/",
    "teen": "head/heads/alien/adult/"
  },
  "variants": [
    "lavender",
    "light",
    "amber",
    "olive",
    "taupe",
    "bronze",
    "brown",
    "black",
    "blue",
    "zombie_green",
    "green",
    "pale_green",
    "bright_green",
    "dark_green",
    "fur_black",
    "fur_brown",
    "fur_tan",
    "fur_copper",
    "fur_gold",
    "fur_grey",
    "fur_white"
  ],
  "match_body_color": true,
  "animations": [
    "spellcast",
    "thrust",
    "walk",
    "slash",
    "shoot",
    "hurt",
    "watering",
    "idle",
    "jump",
    "run",
    "sit",
    "emote",
    "climb",
    "combat",
    "1h_slash",
    "1h_backslash",
    "1h_halfslash"
  ],
  "credits": [
    {
      "file": "head/heads/alien",
      "notes": "based on lizard originally by Nila122, modified by BenCreating, further edited by bluecarrot16. Nila122 gave blanket permission to MedicineStorm to use Nila122's LPC assets under OGA-BY 3.0 (where original or derived only from other works under OGA-BY).",
      "authors": [
        "bluecarrot16",
        "Benjamin K. Smith (BenCreating)",
        "Nila122"
      ],
      "licenses": [
        "OGA-BY 3.0",
        "CC-BY-SA 3.0",
        "GPL 3.0"
      ],
      "urls": [
        "https://opengameart.org/content/drakes-and-lizardfolk",
        "https://opengameart.org/content/lpc-character-bases"
      ]
    }
  ]
}