{
  "name": "Troll child",
  "type_name": "head",
  "tags": ["troll", "child"],
  "layer_1": {
    "zPos": 100,
    "child": "head/heads/troll/child/"
  },
  "variants": [
    "light",
    "amber",
    "olive",
    "taupe",
    "bronze",
    "brown",
    "black",
    "lavender",
    "blue",
    "zombie_green",
    "green",
    "pale_green",
    "bright_green",
    "dark_green",
    "zombie",
    "fur_black",
    "fur_brown",
    "fur_tan",
    "fur_copper",
    "fur_gold",
    "fur_grey",
    "fur_white"
  ],
  "match_body_color": true,
  "animations": [
    "spellcast",
    "thrust",
    "walk",
    "slash",
    "shoot",
    "hurt",
    "watering",
    "idle",
    "jump",
    "run",
    "sit",
    "emote",
    "climb",
    "combat",
    "1h_slash",
    "1h_backslash",
    "1h_halfslash"
  ],
  "credits": [
    {
      "file": "head/heads/troll/child",
      "notes": "original \"Muscleman/Ogre/Minotaur\" by Reemax, modified to \"Troll\" by AntumDeluge, edited to LPC style and converted to modular head by bluecarrot16; child version by bluecarrot16",
      "authors": [
        "bluecarrot16",
        "AntumDeluge",
        "Tuomo Untinen (reemax)"
      ],
      "licenses": [
        "CC-BY 3.0"
      ],
      "urls": [
        "https://opengameart.org/content/musclemanogreminotaur",
        "https://opengameart.org/content/trolls-0",
        "https://opengameart.org/content/lpc-folk"
      ]
    }
  ]
}