{
  "name": "Orc female",
  "type_name": "head",
  "tags": ["orc", "adult"],
  "layer_1": {
    "zPos": 100,
    "male": "head/heads/orc/female/",
    "muscular": "head/heads/orc/female/",
    "female": "head/heads/orc/female/",
    "pregnant": "head/heads/orc/female/",
    "teen": "head/heads/orc/female/"
  },
  "variants": [
    "light",
    "amber",
    "olive",
    "taupe",
    "bronze",
    "brown",
    "black",
    "lavender",
    "blue",
    "zombie_green",
    "green",
    "pale_green",
    "bright_green",
    "dark_green"
  ],
  "match_body_color": true,
  "animations": [
    "spellcast",
    "thrust",
    "walk",
    "slash",
    "shoot",
    "hurt",
    "watering",
    "idle",
    "jump",
    "run",
    "sit",
    "emote",
    "climb",
    "combat",
    "1h_slash",
    "1h_backslash",
    "1h_halfslash"
  ],
  "credits": [
    {
      "file": "head/heads/orc/female",
      "notes": "human head adapted to orc by madmarcel, hurt/cast animations made by makrohn, headless version and tweaks by bluecarrot16",
      "authors": [
        "bluecarrot16",
        "Matthew Krohn (makrohn)",
        "Marcel van de Steeg (MadMarcel)",
        "Stephen Challener (Redshrike)"
      ],
      "licenses": [
        "OGA-BY 3.0",
        "CC-BY-SA 3.0",
        "GPL 3.0"
      ],
      "urls": [
        "https://opengameart.org/content/liberated-pixel-cup-lpc-base-assets-sprites-map-tiles",
        "https://opengameart.org/content/lpc-female-orcogregoblintroll-base-walkcycle",
        "https://opengameart.org/content/lpc-ladies",
        "https://opengameart.org/content/lpc-character-bases"
      ]
    }
  ]
}