{
  "name": "Skeleton",
  "type_name": "head",
  "tags": ["monster", "skeleton"],
  "layer_1": {
    "zPos": 100,
    "male": "head/heads/skeleton/adult/",
    "muscular": "head/heads/skeleton/adult/",
    "female": "head/heads/skeleton/adult/",
    "pregnant": "head/heads/skeleton/adult/",
    "teen": "head/heads/skeleton/adult/"
  },
  "variants": [
    "skeleton"
  ],
  "animations": [
    "spellcast",
    "thrust",
    "walk",
    "slash",
    "shoot",
    "hurt",
    "watering",
    "idle",
    "jump",
    "run",
    "sit",
    "emote",
    "climb",
    "combat",
    "1h_slash",
    "1h_backslash",
    "1h_halfslash"
  ],
  "credits": [
    {
      "file": "head/heads/skeleton",
      "notes": "",
      "authors": [
        "bluecarrot16",
        "Johannes Sjölund (wulax)",
        "Stephen Challener (Redshrike)"
      ],
      "licenses": [
        "OGA-BY 3.0",
        "CC-BY-SA 3.0",
        "GPL 3.0"
      ],
      "urls": [
        "https://opengameart.org/content/liberated-pixel-cup-lpc-base-assets-sprites-map-tiles",
        "https://opengameart.org/content/lpc-medieval-fantasy-character-sprites",
        "https://opengameart.org/content/lpc-skeleton",
        "https://opengameart.org/content/lpc-character-bases"
      ]
    }
  ]
}