{
  "name": "Minotaur",
  "type_name": "head",
  "tags": ["minotaur", "adult"],
  "layer_1": {
    "zPos": 100,
    "male": "head/heads/minotaur/male/",
    "muscular": "head/heads/minotaur/male/",
    "female": "head/heads/minotaur/male/",
    "pregnant": "head/heads/minotaur/male/",
    "teen": "head/heads/minotaur/male/"
  },
  "variants": [
    "fur_black",
    "fur_brown",
    "fur_tan",
    "fur_copper",
    "fur_gold",
    "fur_grey",
    "fur_white",
    "light",
    "amber",
    "olive",
    "taupe",
    "bronze",
    "brown",
    "black",
    "lavender",
    "blue",
    "zombie_green",
    "green",
    "pale_green",
    "bright_green",
    "dark_green",
    "zombie"
  ],
  "match_body_color": true,
  "animations": [
    "spellcast",
    "thrust",
    "walk",
    "slash",
    "shoot",
    "hurt",
    "watering",
    "idle",
    "jump",
    "run",
    "sit",
    "emote",
    "climb",
    "combat",
    "1h_slash",
    "1h_backslash",
    "1h_halfslash"
  ],
  "credits": [
    {
      "file": "head/heads/minotaur",
      "notes": "original cow by daneeklu, combined with horns by Nila122 and adapted to minotaur by Evert",
      "authors": [
        "Evert",
        "Nila122",
        "Daniel Eddeland (daneeklu)"
      ],
      "licenses": [
        "CC-BY-SA 3.0",
        "GPL 3.0"
      ],
      "urls": [
        "https://opengameart.org/content/lpc-style-farm-animals",
        "https://opengameart.org/content/lpc-lizard-headgear",
        "https://opengameart.org/content/lpc-faun-and-minotaur"
      ]
    }
  ]
}