{
  "name": "Feather Ears Skintone",
  "type_name": "ears_inner",
  "layer_1": {
    "zPos": 127,
    "male": "head/ears/avyon/skin/adult/",
    "muscular": "head/ears/avyon/skin/adult/",
    "female": "head/ears/avyon/skin/adult/",
    "teen": "head/ears/avyon/skin/adult/",
    "pregnant": "head/ears/avyon/skin/adult/",
    "child": "head/ears/avyon/skin/child/"
  },
  "variants": [
    "light",
    "amber",
    "olive",
    "taupe",
    "bronze",
    "brown",
    "black",
    "lavender",
    "blue",
    "zombie_green",
    "green",
    "pale_green",
    "bright_green",
    "dark_green",
    "fur_black",
    "fur_brown",
    "fur_tan",
    "fur_copper",
    "fur_gold",
    "fur_grey",
    "fur_white",
    "zombie"
  ],
  "match_body_color": true,
  "animations": [
    "spellcast",
    "thrust",
    "walk",
    "slash",
    "shoot",
    "hurt",
    "watering",
    "idle",
    "jump",
    "run",
    "sit",
    "emote",
    "climb",
    "combat",
    "1h_slash",
    "1h_backslash",
    "1h_halfslash"
  ],
  "credits": [
    {
      "file": "head/ears/avyon",
      "notes": "",
      "authors": [
        "JaidynReiman"
      ],
      "licenses": [
        "OGA-BY 3.0+",
        "CC-BY 3.0+",
        "GPL 3.0"
      ],
      "urls": [
        "https://opengameart.org/content/lpc-furry-ears-tails-for-rpg-sprites"
      ]
    }
  ]
}