{
  "name": "Long ears",
  "type_name": "ears",
  "layer_1": {
    "zPos": 126,
    "male": "head/ears/long/adult/",
    "muscular": "head/ears/long/adult/",
    "female": "head/ears/long/adult/",
    "teen": "head/ears/long/adult/",
    "pregnant": "head/ears/long/adult/",
    "child": "head/ears/long/child/"
  },
  "variants": [
    "light",
    "amber",
    "olive",
    "taupe",
    "bronze",
    "brown",
    "black",
    "lavender",
    "blue",
    "zombie_green",
    "green",
    "pale_green",
    "bright_green",
    "dark_green",
    "fur_black",
    "fur_brown",
    "fur_tan",
    "fur_copper",
    "fur_gold",
    "fur_grey",
    "fur_white",
    "zombie"
  ],
  "match_body_color": true,
  "animations": [
    "spellcast",
    "thrust",
    "walk",
    "slash",
    "shoot",
    "hurt",
    "watering",
    "idle",
    "jump",
    "run",
    "sit",
    "emote",
    "climb",
    "combat",
    "1h_slash",
    "1h_backslash",
    "1h_halfslash"
  ],
  "credits": [
    {
      "file": "head/ears/long",
      "notes": "adapted to v3 base by bluecarrot16; expanded to other animations and child by JaidynReiman",
      "authors": [
        "JaidynReiman",
        "bluecarrot16",
        "Nila122"
      ],
      "licenses": [
        "OGA-BY 3.0",
        "GPL 3.0",
        "CC-BY-SA 3.0"
      ],
      "urls": [
        "https://opengameart.org/content/lpc-long-ears",
        "http://opengameart.org/content/lpc-clothing-updates"
      ]
    }
  ]
}