{
  "name": "Mouse",
  "type_name": "head",
  "tags": ["animal", "adult"],
  "layer_1": {
    "zPos": 100,
    "male": "head/heads/mouse/adult/",
    "muscular": "head/heads/mouse/adult/",
    "female": "head/heads/mouse/adult/",
    "pregnant": "head/heads/mouse/adult/",
    "teen": "head/heads/mouse/adult/"
  },
  "variants": [
    "fur_black",
    "fur_brown",
    "fur_tan",
    "fur_copper",
    "fur_gold",
    "fur_grey",
    "fur_white",
    "light",
    "amber",
    "olive",
    "taupe",
    "bronze",
    "brown",
    "black",
    "lavender",
    "blue",
    "zombie_green",
    "green",
    "pale_green",
    "bright_green",
    "dark_green"
  ],
  "match_body_color": true,
  "animations": [
    "spellcast",
    "thrust",
    "walk",
    "slash",
    "shoot",
    "hurt",
    "watering",
    "idle",
    "jump",
    "run",
    "sit",
    "emote",
    "climb",
    "combat",
    "1h_slash",
    "1h_backslash",
    "1h_halfslash"
  ],
  "credits": [
    {
      "file": "head/heads/mouse",
      "notes": "original rabbit by Redshrike, adapted to modular head by bluecarrot16, modified to mouse head by bluecarrot16",
      "authors": [
        "bluecarrot16",
        "Stephen Challener (Redshrike)"
      ],
      "licenses": [
        "OGA-BY 3.0",
        "CC-BY 3.0",
        "CC-BY-SA 3.0"
      ],
      "urls": [
        "https://opengameart.org/content/bunny-rabbit-lpc-style-for-pixelfarm",
        "http://opengameart.org/content/lpc-folk"
      ]
    }
  ]
}