{
  "name": "Backwards Horns",
  "type_name": "horns",
  "layer_1": {
    "zPos": 126,
    "male": "head/horns/backwards/adult/fg/",
    "muscular": "head/horns/backwards/adult/fg/",
    "female": "head/horns/backwards/adult/fg/",
    "pregnant": "head/horns/backwards/adult/fg/",
    "teen": "head/horns/backwards/adult/fg/",
    "child": "head/horns/backwards/child/fg/"
  },
  "layer_2": {
    "zPos": 7,
    "male": "head/horns/backwards/adult/bg/",
    "muscular": "head/horns/backwards/adult/bg/",
    "female": "head/horns/backwards/adult/bg/",
    "pregnant": "head/horns/backwards/adult/bg/",
    "teen": "head/horns/backwards/adult/bg/",
    "child": "head/horns/backwards/child/bg/"
  },
  "variants": [
    "horns",
    "blonde",
    "ash",
    "sandy",
    "platinum",
    "strawberry",
    "redhead",
    "ginger",
    "carrot",
    "chestnut",
    "light brown",
    "dark brown",
    "black",
    "raven",
    "dark gray",
    "gray",
    "white",
    "red",
    "orange",
    "gold",
    "green",
    "blue",
    "navy",
    "violet",
    "purple",
    "pink",
    "rose",
    "light",
    "amber",
    "olive",
    "taupe",
    "bronze",
    "brown",
    "skin_black",
    "lavender",
    "skin_blue",
    "zombie_green",
    "skin_green",
    "pale_green",
    "bright_green",
    "dark_green",
    "fur_black",
    "fur_brown",
    "fur_tan",
    "fur_copper",
    "fur_gold",
    "fur_grey",
    "fur_white",
    "zombie",
    "metallic_steel",
    "metallic_iron",
    "metallic_ceramic",
    "metallic_brass",
    "metallic_copper",
    "metallic_bronze",
    "metallic_silver",
    "metallic_gold"
  ],
  "animations": [
    "spellcast",
    "thrust",
    "walk",
    "slash",
    "shoot",
    "hurt",
    "watering",
    "idle",
    "jump",
    "run",
    "sit",
    "emote",
    "climb",
    "combat",
    "1h_slash",
    "1h_backslash",
    "1h_halfslash"
  ],
  "credits": [
    {
      "file": "head/horns/backwards",
      "notes": "",
      "authors": [
        "Nila122"
      ],
      "licenses": [
        "OGA-BY 3.0",
        "GPL 3.0",
        "CC-BY-SA 3.0"
      ],
      "urls": [
        "https://opengameart.org/content/lpc-lizard-headgear"
      ]
    }
  ]
}