{
  "name": "Human child",
  "type_name": "head",
  "tags": ["human", "child"],
  "layer_1": {
    "zPos": 100,
    "child": "head/heads/human/child/"
  },
  "variants": [
    "light",
    "amber",
    "olive",
    "taupe",
    "bronze",
    "brown",
    "black",
    "lavender",
    "blue",
    "zombie_green",
    "green",
    "pale_green",
    "bright_green",
    "dark_green",
    "zombie",
    "fur_black",
    "fur_brown",
    "fur_tan",
    "fur_copper",
    "fur_gold",
    "fur_grey",
    "fur_white"
  ],
  "match_body_color": true,
  "animations": [
    "spellcast",
    "thrust",
    "walk",
    "slash",
    "shoot",
    "hurt",
    "watering",
    "idle",
    "jump",
    "run",
    "sit",
    "emote",
    "climb",
    "combat",
    "1h_slash",
    "1h_backslash",
    "1h_halfslash"
  ],
  "credits": [
    {
      "file": "head/heads/human/child",
      "notes": "",
      "authors": [
        "Stephen Challener (Redshrike)",
        "kheftel",
        "bluecarrot16"
      ],
      "licenses": [
        "OGA-BY 3.0",
        "CC-BY 3.0",
        "GPL 3.0"
      ],
      "urls": [
        "https://opengameart.org/content/",
        "https://opengameart.org/content/lpc-child-standing-template",
        "https://opengameart.org/content/lpc-character-bases"
      ]
    }
  ]
}