{
  "name": "Child pants",
  "type_name": "legs",
  "layer_1": {
    "zPos": 20,
    "child": "legs/pants/child/"
  },
  "variants": [
    "black",
    "blue",
    "brown",
    "darkblue",
    "green",
    "lightblue",
    "maroon",
    "red",
    "white"
  ],
  "animations": [
    "walk"
  ],
  "credits": [
    {
      "file": "legs/pants/child",
      "notes": "",
      "authors": [
        "Nila122"
      ],
      "licenses": [
        "OGA-BY 3.0",
        "CC-BY-SA 3.0",
        "GPL 3.0"
      ],
      "urls": [
        "https://opengameart.org/content/lpc-clothes-for-children"
      ]
    }
  ]
}