{
  "name": "Overskirt",
  "type_name": "apron",
  "layer_1": {
    "zPos": 35,
    "female": "legs/skirts/overskirt/female/",
    "pregnant": "legs/skirts/overskirt/female/",
    "teen": "legs/skirts/overskirt/female/"
  },
  "variants": [
    "black",
    "blue",
    "bluegray",
    "brown",
    "charcoal",
    "forest",
    "gray",
    "green",
    "lavender",
    "leather",
    "maroon",
    "navy",
    "orange",
    "pink",
    "purple",
    "red",
    "rose",
    "sky",
    "slate",
    "tan",
    "teal",
    "walnut",
    "white",
    "yellow"
  ],
  "credits": [
    {
      "file": "legs/skirts/overskirt",
      "notes": "original princess.xcf by Sharm, extended to all poses by makrohn, edited to v3 bases and animation cleanup by bluecarrot16",
      "authors": [
        "bluecarrot16",
        "Matthew Krohn (makrohn)",
        "Lanea Zimmerman (Sharm)"
      ],
      "licenses": [
        "OGA-BY 3.0",
        "CC-BY-SA 3.0",
        "GPL 3.0"
      ],
      "urls": [
        "https://opengameart.org/content/liberated-pixel-cup-lpc-base-assets-sprites-map-tiles",
        "https://opengameart.org/content/lpc-dress-in-combat-poses",
        "http://opengameart.org/content/lpc-clothing-updates"
      ]
    }
  ]
}