{
  "name": "Plain skirt",
  "type_name": "legs",
  "layer_1": {
    "zPos": 20,
    "male": "legs/skirts/plain/male/",
    "female": "legs/skirts/plain/female/",
    "teen": "legs/skirts/plain/female/",
    "pregnant": "legs/skirts/plain/female/"
  },
  "variants": [
    "black",
    "blue",
    "bluegray",
    "brown",
    "charcoal",
    "forest",
    "gray",
    "green",
    "lavender",
    "leather",
    "maroon",
    "navy",
    "orange",
    "pink",
    "purple",
    "red",
    "rose",
    "sky",
    "slate",
    "tan",
    "teal",
    "walnut",
    "white",
    "yellow"
  ],
  "credits": [
    {
      "file": "legs/skirts/plain",
      "notes": "original by wulax, edited for female base by pvigier, edited for v3 base by bluecarrot16",
      "authors": [
        "bluecarrot16",
        "Pierre Vigier (pvigier)",
        "Johannes Sjölund (wulax)"
      ],
      "licenses": [
        "OGA-BY 3.0",
        "CC-BY-SA 3.0",
        "GPL 3.0"
      ],
      "urls": [
        "https://opengameart.org/content/lpc-medieval-fantasy-character-sprites"
      ]
    }
  ]
}