{
  "name": "Hose",
  "type_name": "legs",
  "layer_1": {
    "zPos": 20,
    "male": "legs/hose/male/",
    "female": "legs/hose/thin/",
    "teen": "legs/hose/thin/"
  },
  "variants": [
    "leather",
    "black",
    "blue",
    "bluegray",
    "brown",
    "charcoal",
    "forest",
    "gray",
    "green",
    "lavender",
    "maroon",
    "navy",
    "orange",
    "pink",
    "purple",
    "red",
    "rose",
    "sky",
    "slate",
    "tan",
    "teal",
    "walnut",
    "white",
    "yellow"
  ],
  "animations": [
    "spellcast",
    "thrust",
    "walk",
    "slash",
    "shoot",
    "hurt",
    "watering",
    "idle",
    "jump",
    "run",
    "sit",
    "emote",
    "climb",
    "combat",
    "1h_slash",
    "1h_backslash",
    "1h_halfslash"
  ],
  "credits": [
    {
      "file": "legs/hose/male",
      "notes": "Original bases by Redshrike, thrust/shoot bases by Wulax, original overalls and hose by ElizaWy, base animations adapted from v3 overalls by bluecarrot16, male hose by JaidynReiman",
      "authors": [
        "JaidynReiman",
        "ElizaWy",
        "bluecarrot16",
        "JaidynReiman",
        "ElizaWy",
        "Johannes Sjölund (wulax)",
        "Stephen Challener (Redshrike)"
      ],
      "licenses": [
        "OGA-BY 3.0",
        "GPL 3.0"
      ],
      "urls": [
        "https://github.com/ElizaWy/LPC/tree/main/Characters/Clothing",
        "https://opengameart.org/content/lpc-expanded-pants"
      ]
    },
    {
      "file": "legs/hose",
      "notes": "Original bases by Redshrike, thrust/shoot bases by Wulax, original by ElizaWy, remaining frames by JaidynReiman",
      "authors": [
        "ElizaWy",
        "JaidynReiman",
        "Johannes Sjölund (wulax)",
        "Stephen Challener (Redshrike)"
      ],
      "licenses": [
        "OGA-BY 3.0"
      ],
      "urls": [
        "https://github.com/ElizaWy/LPC/tree/main/Characters/Clothing",
        "https://opengameart.org/content/lpc-expanded-sit-run-jump-more",
        "https://opengameart.org/content/lpc-expanded-pants"
      ]
    }
  ]
}