{
  "name": "Armour",
  "type_name": "legs",
  "layer_1": {
    "zPos": 20,
    "male": "legs/armour/plate/male/",
    "female": "legs/armour/plate/thin/",
    "teen": "legs/armour/plate/thin/"
  },
  "variants": [
    "steel",
    "iron",
    "ceramic",
    "brass",
    "copper",
    "bronze",
    "silver",
    "gold"
  ],
  "animations": [
    "spellcast",
    "thrust",
    "walk",
    "slash",
    "shoot",
    "hurt",
    "climb",
    "idle",
    "jump",
    "sit",
    "emotes"
  ],
  "credits": [
    {
      "file": "legs/armour/plate",
      "notes": "reduced to 7 colors an adapted to v3 bases by bluecarrot16, climb/jump/sit/emotes by JaidynReiman",
      "authors": [
        "bluecarrot16",
        "JaidynReiman",
        "Michael Whitlock (bigbeargames)",
        "Matthew Krohn (makrohn)",
        "Johannes Sjölund (wulax)"
      ],
      "licenses": [
        "OGA-BY 3.0",
        "CC-BY-SA 3.0",
        "GPL 3.0"
      ],
      "urls": [
        "https://opengameart.org/content/lpc-medieval-fantasy-character-sprites"
      ]
    }
  ]
}