{
  "name": "Legion skirt",
  "type_name": "legs",
  "layer_1": {
    "zPos": 20,
    "male": "legs/skirts/legion/male/",
    "muscular": "legs/skirts/legion/male/",
    "female": "legs/skirts/legion/female/",
    "pregnant": "legs/skirts/legion/female/",
    "teen": "legs/skirts/legion/female/"
  },
  "variants": [
    "black",
    "blue",
    "bluegray",
    "brown",
    "charcoal",
    "forest",
    "gray",
    "green",
    "lavender",
    "leather",
    "maroon",
    "navy",
    "orange",
    "pink",
    "purple",
    "red",
    "rose",
    "sky",
    "slate",
    "tan",
    "teal",
    "walnut",
    "white",
    "yellow"
  ],
  "credits": [
    {
      "file": "legs/skirts/legion",
      "notes": "original by Nila122 to legion, adapted to v3 bases by bluecarrot16",
      "authors": [
        "bluecarrot16",
        "Nila122"
      ],
      "licenses": [
        "OGA-BY 3.0",
        "CC-BY-SA 3.0",
        "GPL 2.0",
        "GPL 3.0"
      ],
      "urls": [
        "https://opengameart.org/content/lpc-roman-armor",
        "http://opengameart.org/content/lpc-clothing-updates"
      ]
    }
  ]
}