{
  "name": "Pregnancy pants",
  "type_name": "legs",
  "layer_1": {
    "zPos": 20,
    "pregnant": "legs/pants/pregnant/"
  },
  "variants": [
    "black",
    "blue",
    "forest",
    "gray",
    "green",
    "lavender",
    "leather",
    "maroon",
    "navy",
    "orange",
    "pink",
    "purple",
    "red",
    "sky",
    "tan",
    "teal",
    "walnut",
    "white",
    "yellow"
  ],
  "credits": [
    {
      "file": "legs/pants/pregnant",
      "notes": "original male pants by wulax; edited for female by Joe White; recolors by JaidynReiman; walkcycle adapted to pregnant base by ElizaWy; remaining animations, recolors and edits to v3 base by bluecarrot16",
      "authors": [
        "bluecarrot16",
        "ElizaWy",
        "JaidynReiman",
        "Joe White",
        "Matthew Krohn (makrohn)",
        "Johannes Sjölund (wulax)",
        "Stephen Challener (Redshrike)"
      ],
      "licenses": [
        "CC-BY-SA 3.0",
        "GPL 3.0"
      ],
      "urls": [
        "https://opengameart.org/content/liberated-pixel-cup-lpc-base-assets-sprites-map-tiles",
        "https://opengameart.org/content/lpc-medieval-fantasy-character-sprites",
        "https://opengameart.org/content/lpc-pregnancy-bases-maternity-wear",
        "http://opengameart.org/content/lpc-clothing-updates"
      ]
    }
  ]
}