{
  "name": "Pantaloons",
  "type_name": "legs",
  "layer_1": {
    "zPos": 20,
    "male": "legs/pantaloons/male/",
    "muscular": "legs/pantaloons/muscular/",
    "female": "legs/pantaloons/thin/",
    "pregnant": "legs/pantaloons/thin/",
    "teen": "legs/pantaloons/thin/"
  },
  "variants": [
    "black",
    "blue",
    "bluegray",
    "brown",
    "charcoal",
    "forest",
    "gray",
    "green",
    "lavender",
    "leather",
    "maroon",
    "navy",
    "orange",
    "pink",
    "purple",
    "red",
    "rose",
    "sky",
    "slate",
    "tan",
    "teal",
    "walnut",
    "white",
    "yellow"
  ],
  "animations": [
    "spellcast",
    "thrust",
    "walk",
    "slash",
    "shoot",
    "hurt",
    "watering",
    "idle",
    "jump",
    "run",
    "sit",
    "emote",
    "climb",
    "combat",
    "1h_slash",
    "1h_backslash",
    "1h_halfslash"
  ],
  "credits": [
    {
      "file": "legs/pantaloons",
      "notes": "Original bases by Redshrike, thrust/shoot bases by Wulax, Original Pantaloons by Nila122, climb/jump/run/sit/emotes/revised combat by JaidynReiman",
      "authors": [
        "Nila122",
        "JaidynReiman",
        "Johannes Sjölund (wulax)",
        "Stephen Challener (Redshrike)"
      ],
      "licenses": [
        "OGA-BY 3.0",
        "GPL 2.0",
        "GPL 3.0",
        "CC-BY-SA 3.0"
      ],
      "urls": [
        "https://opengameart.org/content/lpc-pirates",
        "https://opengameart.org/content/more-lpc-clothes-and-hair",
        "https://opengameart.org/content/lpc-expanded-pants"
      ]
    },
    {
      "file": "legs/pantaloons/thin",
      "notes": "Original bases by Redshrike, thrust/shoot bases by Wulax, Original Pantaloons by Nila122, Female/Teen version by JaidynReiman",
      "authors": [
        "Nila122",
        "JaidynReiman",
        "Johannes Sjölund (wulax)",
        "Stephen Challener (Redshrike)"
      ],
      "licenses": [
        "OGA-BY 3.0",
        "CC-BY-SA 3.0",
        "GPL 2.0",
        "GPL 3.0"
      ],
      "urls": [
        "https://opengameart.org/content/lpc-pirates",
        "https://opengameart.org/content/more-lpc-clothes-and-hair",
        "https://opengameart.org/content/lpc-expanded-pants"
      ]
    },
    {
      "file": "legs/pantaloons/muscular",
      "notes": "",
      "authors": [
        "Nila122",
        "Johannes Sjölund (wulax)",
        "Stephen Challener (Redshrike)"
      ],
      "licenses": [
        "CC-BY-SA 3.0",
        "GPL 2.0",
        "GPL 3.0"
      ],
      "urls": [
        "https://opengameart.org/content/more-lpc-clothes-and-hair"
      ]
    }
  ]
}