{
  "name": "Slit skirt",
  "type_name": "legs",
  "layer_1": {
    "zPos": 20,
    "male": "legs/skirts/slit/female/",
    "female": "legs/skirts/slit/female/"
  },
  "variants": [
    "black",
    "blue",
    "bluegray",
    "brown",
    "charcoal",
    "forest",
    "gray",
    "green",
    "lavender",
    "leather",
    "maroon",
    "navy",
    "orange",
    "pink",
    "purple",
    "red",
    "rose",
    "sky",
    "slate",
    "tan",
    "teal",
    "walnut",
    "white",
    "yellow"
  ],
  "credits": [
    {
      "file": "legs/skirts/slit",
      "notes": "original \"TightDress\" by Nila122, edited to skirt by ElizaWy, extended to all animation frames and edited for v3 bases by bluecarrot16",
      "authors": [
        "Nila122",
        "ElizaWy",
        "bluecarrot16"
      ],
      "licenses": [
        "OGA-BY 3.0",
        "CC-BY-SA 3.0",
        "GPL 2.0",
        "GPL 3.0"
      ],
      "urls": [
        "https://opengameart.org/content/lpc-clothes-and-hair",
        "http://opengameart.org/content/lpc-clothing-updates"
      ]
    }
  ]
}