{
  "name": "Wide pants",
  "type_name": "legs",
  "layer_1": {
    "zPos": 20,
    "muscular": "legs/pants/muscular/"
  },
  "variants": [
    "black",
    "blue",
    "bluegray",
    "brown",
    "charcoal",
    "forest",
    "gray",
    "green",
    "lavender",
    "leather",
    "maroon",
    "navy",
    "orange",
    "pink",
    "purple",
    "red",
    "rose",
    "sky",
    "slate",
    "tan",
    "teal",
    "walnut",
    "white",
    "yellow"
  ],
  "credits": [
    {
      "file": "legs/pants/muscular",
      "notes": "original muscular pants by ElizaWy, muscular by dalonedrau, cast and thrust frames by JaidynReiman",
      "authors": [
        "ElizaWy",
        "JaidynReiman",
        "dalonedrau",
        "Johannes Sjölund (wulax)",
        "Stephen Challener (Redshrike)"
      ],
      "licenses": [
        "CC-BY-SA 3.0",
        "GPL 3.0"
      ],
      "urls": [
        "https://opengameart.org/content/lpc-muscular-pants",
        "https://opengameart.org/content/lpc-muscular-swing-animation",
        "https://opengameart.org/content/lpc-muscular-hurt-animation"
      ]
    }
  ]
}