{
  "name": "Pants",
  "type_name": "legs",
  "layer_1": {
    "zPos": 20,
    "male": "legs/pants/male/",
    "muscular": "legs/pants/male/",
    "female": "legs/pants/thin/",
    "teen": "legs/pants/thin/",
    "pregnant": "legs/pants/thin/"
  },
  "variants": [
    "black",
    "blue",
    "bluegray",
    "brown",
    "charcoal",
    "forest",
    "gray",
    "green",
    "lavender",
    "leather",
    "maroon",
    "navy",
    "orange",
    "pink",
    "purple",
    "red",
    "rose",
    "sky",
    "slate",
    "tan",
    "teal",
    "walnut",
    "white",
    "yellow"
  ],
  "animations": [
    "spellcast",
    "thrust",
    "walk",
    "slash",
    "shoot",
    "hurt",
    "watering",
    "idle",
    "jump",
    "run",
    "sit",
    "emote",
    "climb",
    "combat",
    "1h_slash",
    "1h_backslash",
    "1h_halfslash"
  ],
  "credits": [
    {
      "file": "legs/pants/male",
      "notes": "original male pants by wulax, recolors and edits to v3 base by bluecarrot16, climb/jump/run/sit/emotes/revised combat by JaidynReiman based on ElizaWy's LPC Revised",
      "authors": [
        "bluecarrot16",
        "JaidynReiman",
        "ElizaWy",
        "Matthew Krohn (makrohn)",
        "Johannes Sjölund (wulax)",
        "Stephen Challener (Redshrike)"
      ],
      "licenses": [
        "OGA-BY 3.0",
        "GPL 3.0",
        "CC-BY-SA 3.0"
      ],
      "urls": [
        "https://opengameart.org/content/liberated-pixel-cup-lpc-base-assets-sprites-map-tiles",
        "https://opengameart.org/content/lpc-medieval-fantasy-character-sprites",
        "https://opengameart.org/content/lpc-expanded-pants"
      ]
    },
    {
      "file": "legs/pants/thin",
      "notes": "original male pants by wulax, edited for female by Joe White, recolors and edits to v3 base by bluecarrot16, teen legs by ElizaWy derived from base, climb/jump/run/sit/emotes/revised combat by JaidynReiman based on ElizaWy's LPC Revised",
      "authors": [
        "bluecarrot16",
        "JaidynReiman",
        "ElizaWy",
        "Joe White",
        "Matthew Krohn (makrohn)",
        "Johannes Sjölund (wulax)",
        "Stephen Challener (Redshrike)"
      ],
      "licenses": [
        "OGA-BY 3.0",
        "GPL 3.0",
        "CC-BY-SA 3.0"
      ],
      "urls": [
        "https://opengameart.org/content/liberated-pixel-cup-lpc-base-assets-sprites-map-tiles",
        "https://opengameart.org/content/lpc-medieval-fantasy-character-sprites",
        "http://opengameart.org/content/lpc-clothing-updates",
        "https://opengameart.org/content/lpc-expanded-pants"
      ]
    }
  ]
}