{
  "name": "Capeclip",
  "type_name": "neck",
  "layer_1": {
    "zPos": 90,
    "male": "neck/capeclip/male/",
    "muscular": "neck/capeclip/male/",
    "female": "neck/capeclip/female/",
    "teen": "neck/capeclip/female/",
    "pregnant": "neck/capeclip/female/"
  },
  "variants": [
    "black",
    "blue",
    "bluegray",
    "brown",
    "charcoal",
    "forest",
    "gray",
    "green",
    "lavender",
    "leather",
    "maroon",
    "navy",
    "orange",
    "pink",
    "purple",
    "red",
    "rose",
    "sky",
    "slate",
    "tan",
    "teal",
    "walnut",
    "white",
    "yellow"
  ],
  "credits": [
    {
      "file": "neck/capeclip",
      "notes": "adapted to male body and v3 bases by bluecarrot16",
      "authors": [
        "bluecarrot16",
        "JaidynReiman"
      ],
      "licenses": [
        "OGA-BY 3.0",
        "CC-BY-SA 3.0",
        "GPL 3.0"
      ],
      "urls": [
        "https://opengameart.org/content/lpc-curly-hair-elven-ears-white-cape-with-blue-trim-and-more",
        "http://opengameart.org/content/lpc-clothing-updates"
      ]
    }
  ]
}