{
  "name": "Pear cut Gem",
  "type_name": "charm",
  "layer_1": {
    "zPos": 81,
    "male": "neck/gem/pear/male/",
    "muscular": "neck/gem/pear/male/",
    "female": "neck/gem/pear/female/",
    "teen": "neck/gem/pear/female/",
    "pregnant": "neck/gem/pear/female/"
  },
  "variants": [
    "blue",
    "green",
    "orange",
    "purple",
    "red",
    "yellow"
  ],
  "credits": [
    {
      "file": "neck/gem",
      "notes": "",
      "authors": [
        "bluecarrot16"
      ],
      "licenses": [
        "CC0"
      ],
      "urls": [
        "https://opengameart.org/content/lpc-jewelry"
      ]
    }
  ]
}