{
  "name": "Chain Necklace",
  "type_name": "necklace",
  "layer_1": {
    "zPos": 80,
    "male": "neck/necklace/chain/male/",
    "muscular": "neck/necklace/chain/male/",
    "female": "neck/necklace/chain/female/",
    "teen": "neck/necklace/chain/female/",
    "pregnant": "neck/necklace/chain/female/"
  },
  "variants": [
    "steel",
    "iron",
    "ceramic",
    "brass",
    "copper",
    "bronze",
    "silver",
    "gold"
  ],
  "credits": [
    {
      "file": "neck/necklace/chain",
      "notes": "",
      "authors": [
        "bluecarrot16"
      ],
      "licenses": [
        "CC0"
      ],
      "urls": [
        "https://opengameart.org/content/lpc-jewelry"
      ]
    }
  ]
}