{
  "name": "Necktie",
  "type_name": "neck",
  "layer_1": {
    "zPos": 90,
    "male": "neck/tie/necktie/male/",
    "female": "neck/tie/necktie/female/",
    "muscular": "neck/tie/necktie/male/",
    "pregnant": "neck/tie/necktie/female/",
    "teen": "neck/tie/necktie/female/"
  },
  "variants": [
    "base",
    "black",
    "blue",
    "bluegray",
    "brown",
    "charcoal",
    "forest",
    "gray",
    "green",
    "lavender",
    "leather",
    "maroon",
    "navy",
    "orange",
    "pink",
    "purple",
    "red",
    "rose",
    "sky",
    "slate",
    "tan",
    "teal",
    "walnut",
    "white",
    "yellow"
  ],
  "animations": [
    "spellcast",
    "thrust",
    "walk",
    "slash",
    "shoot",
    "hurt",
    "watering",
    "idle",
    "jump",
    "run",
    "sit",
    "emote",
    "climb",
    "combat",
    "1h_slash",
    "1h_backslash",
    "1h_halfslash"
  ],
  "credits": [
    {
      "file": "neck/tie/necktie",
      "notes": "Originally by pennomi/laetissima/Makrohn, edited by bluecarrot16, animations and recolors by JaidynReiman",
      "authors": [
        "JaidynReiman",
        "bluecarrot16",
        "Thane Brimhall (pennomi)",
        "laetissima",
        "Makrohn"
      ],
      "licenses": [
        "CC-BY-SA 3.0",
        "GPL 3.0"
      ],
      "urls": [
        "https://opengameart.org/content/lpc-2-characters",
        "https://opengameart.org/content/lpc-gentleman"
      ]
    }
  ]
}