{
  "name": "Dangling amulet",
  "type_name": "charm",
  "layer_1": {
    "zPos": 81,
    "male": "neck/amulet/dangle/male/",
    "muscular": "neck/amulet/dangle/male/",
    "female": "neck/amulet/dangle/female/",
    "teen": "neck/amulet/dangle/female/",
    "pregnant": "neck/amulet/dangle/female/"
  },
  "variants": [
    "brass_blue",
    "brass_green",
    "brass_orange",
    "brass_purple",
    "brass_red",
    "brass_yellow",
    "bronze_blue",
    "bronze_green",
    "bronze_orange",
    "bronze_purple",
    "bronze_red",
    "bronze_yellow",
    "ceramic_blue",
    "ceramic_green",
    "ceramic_orange",
    "ceramic_purple",
    "ceramic_red",
    "ceramic_yellow",
    "copper_blue",
    "copper_green",
    "copper_orange",
    "copper_purple",
    "copper_red",
    "copper_yellow",
    "gold_blue",
    "gold_green",
    "gold_orange",
    "gold_purple",
    "gold_red",
    "gold_yellow",
    "iron_blue",
    "iron_green",
    "iron_orange",
    "iron_purple",
    "iron_red",
    "iron_yellow",
    "silver_blue",
    "silver_green",
    "silver_orange",
    "silver_purple",
    "silver_red",
    "silver_yellow",
    "steel_blue",
    "steel_green",
    "steel_orange",
    "steel_purple",
    "steel_red",
    "steel_yellow"
  ],
  "credits": [
    {
      "file": "neck/amulet/dangle",
      "notes": "",
      "authors": [
        "bluecarrot16",
        "AntumDeluge"
      ],
      "licenses": [
        "CC0"
      ],
      "urls": [
        "https://opengameart.org/content/dungeon-crawl-32x32-tiles",
        "https://opengameart.org/content/cc0-jewelry-icons",
        "https://opengameart.org/content/lpc-jewelry"
      ]
    }
  ]
}