{
  "name": "Necklace",
  "type_name": "necklace",
  "layer_1": {
    "zPos": 80,
    "male": "neck/necklace/female/",
    "muscular": "neck/necklace/female/",
    "female": "neck/necklace/female/",
    "teen": "neck/necklace/female/",
    "pregnant": "neck/necklace/female/"
  },
  "variants": [
    "steel",
    "iron",
    "ceramic",
    "brass",
    "copper",
    "bronze",
    "silver",
    "gold",
    "pirate"
  ],
  "credits": [
    {
      "file": "neck/necklace",
      "notes": "extra animations by bluecarrot16",
      "authors": [
        "bluecarrot16",
        "Luke Mehl"
      ],
      "licenses": [
        "CC-BY-SA 3.0",
        "GPL 3.0"
      ],
      "urls": [
        "https://opengameart.org/content/female-mage-clothing-set",
        "http://opengameart.org/content/lpc-clothing-updates"
      ]
    }
  ]
}