{
  "name": "Hook hand",
  "type_name": "prosthesis_hand",
  "layer_1": {
    "zPos": 100,
    "is_mask": true,
    "male": "body/prosthesis/hook/male/mask/"
  },
  "layer_2": {
    "zPos": 100,
    "male": "body/prosthesis/hook/male/"
  },
  "variants": [
    "hook"
  ],
  "credits": [
    {
      "file": "body/prosthesis/hook",
      "notes": "",
      "authors": [
        "bluecarrot16"
      ],
      "licenses": [
        "CC-BY-SA 3.0"
      ],
      "urls": [
        "https://opengameart.org/content/lpc-pirates"
      ]
    }
  ]
}