{
  "name": "Quiver",
  "type_name": "quiver",
  "layer_1": {
    "zPos": 8,
    "male": "quiver/",
    "muscular": "quiver/",
    "female": "quiver/",
    "pregnant": "quiver/",
    "teen": "quiver/"
  },
  "variants": [
    "quiver"
  ],
  "credits": [
    {
      "file": "quiver",
      "notes": "",
      "authors": [
        "Johannes Sjölund (wulax)"
      ],
      "licenses": [
        "OGA-BY 3.0",
        "CC-BY-SA 3.0",
        "GPL 3.0"
      ],
      "urls": [
        "https://opengameart.org/content/lpc-medieval-fantasy-character-sprites"
      ]
    }
  ]
}