{
  "name": "Shield",
  "type_name": "shield",
  "layer_1": {
    "zPos": 110,
    "male": "shield/male/",
    "muscular": "shield/male/",
    "female": "shield/female/",
    "pregnant": "shield/female/"
  },
  "variants": [
    "crusader",
    "spartan",
    "round black",
    "round brown",
    "round gold",
    "round green",
    "round silver",
    "round yellow"
  ],
  "credits": [
    {
      "file": "shield/male/crusader.png",
      "notes": "",
      "authors": [
        "bluecarrot16",
        "Sander Frenken (castelonia)"
      ],
      "licenses": [
        "OGA-BY 3.0"
      ],
      "urls": [
        "https://opengameart.org/content/lpc-shields"
      ]
    },
    {
      "file": "shield/female/crusader.png",
      "notes": "",
      "authors": [
        "bluecarrot16",
        "Sander Frenken (castelonia)"
      ],
      "licenses": [
        "OGA-BY 3.0"
      ],
      "urls": [
        "https://opengameart.org/content/lpc-shields"
      ]
    },
    {
      "file": "shield/male/spartan.png",
      "notes": "",
      "authors": [
        "bluecarrot16",
        "Sander Frenken (castelonia)"
      ],
      "licenses": [
        "OGA-BY 3.0"
      ],
      "urls": [
        "https://opengameart.org/content/lpc-shields"
      ]
    },
    {
      "file": "shield/female/spartan.png",
      "notes": "",
      "authors": [
        "bluecarrot16",
        "Sander Frenken (castelonia)"
      ],
      "licenses": [
        "OGA-BY 3.0"
      ],
      "urls": [
        "https://opengameart.org/content/lpc-shields"
      ]
    },
    {
      "file": "shield/male/round_black.png",
      "notes": "?",
      "authors": [
        "Johannes Sjölund (wulax)",
        "Michael Whitlock (bigbeargames)",
        "DarkwallLKE",
        "Tuomo Untinen (reemax)"
      ],
      "licenses": [
        "CC-BY-SA 3.0",
        "GPL 3.0"
      ],
      "urls": [
        "https://opengameart.org/content/lpc-medieval-fantasy-character-sprites",
        "https://opengameart.org/content/lpc-shields-pack"
      ]
    },
    {
      "file": "shield/female/round_black.png",
      "notes": "?",
      "authors": [
        "Johannes Sjölund (wulax)",
        "Michael Whitlock (bigbeargames)",
        "DarkwallLKE",
        "Tuomo Untinen (reemax)"
      ],
      "licenses": [
        "CC-BY-SA 3.0",
        "GPL 3.0"
      ],
      "urls": [
        "https://opengameart.org/content/lpc-medieval-fantasy-character-sprites",
        "https://opengameart.org/content/lpc-shields-pack"
      ]
    },
    {
      "file": "shield/male/round_brown.png",
      "notes": "",
      "authors": [
        "Johannes Sjölund (wulax)"
      ],
      "licenses": [
        "OGA-BY 3.0",
        "CC-BY-SA 3.0",
        "GPL 3.0"
      ],
      "urls": [
        "https://opengameart.org/content/lpc-medieval-fantasy-character-sprites"
      ]
    },
    {
      "file": "shield/female/round_brown.png",
      "notes": "",
      "authors": [
        "Johannes Sjölund (wulax)"
      ],
      "licenses": [
        "OGA-BY 3.0",
        "CC-BY-SA 3.0",
        "GPL 3.0"
      ],
      "urls": [
        "https://opengameart.org/content/lpc-medieval-fantasy-character-sprites"
      ]
    },
    {
      "file": "shield/male/round_gold.png",
      "notes": "?",
      "authors": [
        "Johannes Sjölund (wulax)",
        "Michael Whitlock (bigbeargames)",
        "DarkwallLKE",
        "Tuomo Untinen (reemax)"
      ],
      "licenses": [
        "CC-BY-SA 3.0",
        "GPL 3.0"
      ],
      "urls": [
        "https://opengameart.org/content/lpc-medieval-fantasy-character-sprites",
        "https://opengameart.org/content/lpc-shields-pack"
      ]
    },
    {
      "file": "shield/female/round_gold.png",
      "notes": "?",
      "authors": [
        "Johannes Sjölund (wulax)",
        "Michael Whitlock (bigbeargames)",
        "DarkwallLKE",
        "Tuomo Untinen (reemax)"
      ],
      "licenses": [
        "CC-BY-SA 3.0",
        "GPL 3.0"
      ],
      "urls": [
        "https://opengameart.org/content/lpc-medieval-fantasy-character-sprites",
        "https://opengameart.org/content/lpc-shields-pack"
      ]
    },
    {
      "file": "shield/male/round_green.png",
      "notes": "?",
      "authors": [
        "Johannes Sjölund (wulax)",
        "Michael Whitlock (bigbeargames)",
        "DarkwallLKE",
        "Tuomo Untinen (reemax)"
      ],
      "licenses": [
        "CC-BY-SA 3.0",
        "GPL 3.0"
      ],
      "urls": [
        "https://opengameart.org/content/lpc-medieval-fantasy-character-sprites",
        "https://opengameart.org/content/lpc-shields-pack"
      ]
    },
    {
      "file": "shield/female/round_green.png",
      "notes": "?",
      "authors": [
        "Johannes Sjölund (wulax)",
        "Michael Whitlock (bigbeargames)",
        "DarkwallLKE",
        "Tuomo Untinen (reemax)"
      ],
      "licenses": [
        "CC-BY-SA 3.0",
        "GPL 3.0"
      ],
      "urls": [
        "https://opengameart.org/content/lpc-medieval-fantasy-character-sprites",
        "https://opengameart.org/content/lpc-shields-pack"
      ]
    },
    {
      "file": "shield/male/round_silver.png",
      "notes": "?",
      "authors": [
        "Johannes Sjölund (wulax)",
        "Michael Whitlock (bigbeargames)",
        "DarkwallLKE",
        "Tuomo Untinen (reemax)"
      ],
      "licenses": [
        "CC-BY-SA 3.0",
        "GPL 3.0"
      ],
      "urls": [
        "https://opengameart.org/content/lpc-medieval-fantasy-character-sprites",
        "https://opengameart.org/content/lpc-shields-pack"
      ]
    },
    {
      "file": "shield/female/round_silver.png",
      "notes": "?",
      "authors": [
        "Johannes Sjölund (wulax)",
        "Michael Whitlock (bigbeargames)",
        "DarkwallLKE",
        "Tuomo Untinen (reemax)"
      ],
      "licenses": [
        "CC-BY-SA 3.0",
        "GPL 3.0"
      ],
      "urls": [
        "https://opengameart.org/content/lpc-medieval-fantasy-character-sprites",
        "https://opengameart.org/content/lpc-shields-pack"
      ]
    },
    {
      "file": "shield/male/round_yellow.png",
      "notes": "?",
      "authors": [
        "Johannes Sjölund (wulax)",
        "Michael Whitlock (bigbeargames)",
        "DarkwallLKE",
        "Tuomo Untinen (reemax)"
      ],
      "licenses": [
        "CC-BY-SA 3.0",
        "GPL 3.0"
      ],
      "urls": [
        "https://opengameart.org/content/lpc-medieval-fantasy-character-sprites",
        "https://opengameart.org/content/lpc-shields-pack"
      ]
    },
    {
      "file": "shield/female/round_yellow.png",
      "notes": "?",
      "authors": [
        "Johannes Sjölund (wulax)",
        "Michael Whitlock (bigbeargames)",
        "DarkwallLKE",
        "Tuomo Untinen (reemax)"
      ],
      "licenses": [
        "CC-BY-SA 3.0",
        "GPL 3.0"
      ],
      "urls": [
        "https://opengameart.org/content/lpc-medieval-fantasy-character-sprites",
        "https://opengameart.org/content/lpc-shields-pack"
      ]
    }
  ]
}