{
  "name": "Heater shield pattern",
  "type_name": "shield_pattern",
  "layer_1": {
    "zPos": 112,
    "male": "shield/heater/pattern/universal/",
    "muscular": "shield/heater/pattern/universal/",
    "female": "shield/heater/pattern/universal/",
    "pregnant": "shield/heater/pattern/universal/"
  },
  "variants": [
    "barry",
    "bend",
    "bend_sinister",
    "bendy",
    "bendy_sinister",
    "bordure",
    "chevron",
    "chevron_inverted",
    "chief",
    "cross",
    "fess",
    "lozengy",
    "paint",
    "pale",
    "pall",
    "paly",
    "per_bend",
    "per_bend_sinister",
    "per_chevron",
    "per_chevron_inverted",
    "per_fess",
    "per_pale",
    "per_saltire",
    "quarterly",
    "saltire"
  ],
  "credits": [
    {
      "file": "shield/heater/pattern/universal",
      "notes": "",
      "authors": [
        "bluecarrot16",
        "Sander Frenken (castelonia)"
      ],
      "licenses": [
        "OGA-BY 3.0"
      ],
      "urls": [
        "https://opengameart.org/content/lpc-shields"
      ]
    }
  ]
}