{
  "name": "revised_bend",
  "type_name": "shield_pattern",
  "layer_1": {
    "zPos": 4,
    "male": "shield/heater/revised/pattern/bend/bg/",
    "muscular": "shield/heater/revised/pattern/bend/bg/",
    "female": "shield/heater/revised/pattern/bend/bg/",
    "pregnant": "shield/heater/revised/pattern/bend/bg/",
    "teen": "shield/heater/revised/pattern/bend/bg/"
  },
  "layer_2": {
    "zPos": 112,
    "male": "shield/heater/revised/pattern/bend/fg/",
    "muscular": "shield/heater/revised/pattern/bend/fg/",
    "female": "shield/heater/revised/pattern/bend/fg/",
    "pregnant": "shield/heater/revised/pattern/bend/fg/",
    "teen": "shield/heater/revised/pattern/bend/fg/"
  },
  "variants": [
    "black",
    "blue",
    "bluegray",
    "brown",
    "charcoal",
    "forest",
    "gray",
    "green",
    "lavender",
    "leather",
    "maroon",
    "navy",
    "orange",
    "pink",
    "purple",
    "red",
    "rose",
    "sky",
    "slate",
    "tan",
    "teal",
    "walnut",
    "white",
    "yellow"
  ],
  "animations": [
    "spellcast",
    "thrust",
    "walk",
    "slash",
    "shoot",
    "hurt",
    "watering",
    "idle",
    "jump",
    "run",
    "sit",
    "emote",
    "climb",
    "combat",
    "1h_slash",
    "1h_backslash",
    "1h_halfslash"
  ],
  "credits": [
    {
      "file": "shield/heater/revised/pattern",
      "notes": "",
      "authors": [
        "bluecarrot16",
        "Sander Frenken (castelonia)",
        "ElizaWy",
        "JaidynReiman"
      ],
      "licenses": [
        "OGA-BY 3.0"
      ],
      "urls": [
        "https://opengameart.org/content/lpc-shields"
      ]
    }
  ]
}