{
  "name": "Heater Shield Paint",
  "type_name": "shield_paint",
  "layer_1": {
    "zPos": 3,
    "male": "shield/heater/original/paint/bg/",
    "muscular": "shield/heater/original/paint/bg/",
    "female": "shield/heater/original/paint/bg/",
    "pregnant": "shield/heater/original/paint/bg/",
    "teen": "shield/heater/original/paint/bg/"
  },
  "layer_2": {
    "zPos": 111,
    "male": "shield/heater/original/paint/fg/",
    "muscular": "shield/heater/original/paint/fg/",
    "female": "shield/heater/original/paint/fg/",
    "pregnant": "shield/heater/original/paint/fg/",
    "teen": "shield/heater/original/paint/fg/"
  },
  "variants": [
    "aegean",
    "amber",
    "amethyst",
    "apple",
    "apricot",
    "azure",
    "beige",
    "black",
    "blue",
    "blue_violet",
    "bronze",
    "brown",
    "cerise",
    "cerulean",
    "charcoal",
    "chocolate",
    "coffee",
    "coral",
    "cornflower",
    "cyan",
    "denim",
    "dove",
    "emerald",
    "fern",
    "forest",
    "garnet",
    "gray",
    "green",
    "heather",
    "honey",
    "ice",
    "indigo",
    "ivory",
    "lavender",
    "leather",
    "lemon",
    "linen",
    "mauve",
    "midnight",
    "mint",
    "mustard",
    "navy",
    "neptune",
    "oak",
    "ochre",
    "olivine",
    "orange",
    "peach",
    "pearl",
    "periwinkle",
    "pink",
    "plum",
    "porcelain",
    "powder",
    "purple",
    "red",
    "red_orange",
    "royal",
    "salmon",
    "sepia",
    "shadow",
    "silver",
    "sky",
    "smoke",
    "soot",
    "spring",
    "swamp",
    "tan",
    "tawny",
    "teal",
    "tumeric",
    "umber",
    "white",
    "wine",
    "yellow"
  ],
  "animations": [
    "spellcast",
    "thrust",
    "walk",
    "slash",
    "shoot",
    "hurt",
    "watering",
    "idle",
    "jump",
    "run",
    "sit",
    "emote",
    "climb",
    "combat",
    "1h_slash",
    "1h_backslash",
    "1h_halfslash"
  ],
  "credits": [
    {
      "file": "shield/heater/original/paint",
      "notes": "original by ElizaWy, extended to all animation frames and v3 character base by bluecarrot16, expanded by JaidynReiman",
      "authors": [
        "bluecarrot16",
        "ElizaWy",
        "JaidynReiman"
      ],
      "licenses": [
        "OGA-BY 3.0"
      ],
      "urls": [
        "https://github.com/ElizaWy/LPC/tree/main/Characters/Props/Shield%2001%20-%20Heater%20Shield",
        "https://opengameart.org/content/lpc-expanded-sit-run-jump-more"
      ]
    }
  ]
}